{"loyalty_score":9,"product_id":"P04","product_category":"house","purchase_count":49}
{"loyalty_score":9,"product_id":"P03","product_category":"house","purchase_count":49}
{"loyalty_score":9,"product_id":"P06","product_category":"house","purchase_count":49}
{"loyalty_score":9,"product_id":"P41","product_category":"food","purchase_count":49}
{"loyalty_score":9,"product_id":"P60","product_category":"food","purchase_count":49}
{"loyalty_score":9,"product_id":"P48","product_category":"food","purchase_count":49}
{"loyalty_score":9,"product_id":"P49","product_category":"food","purchase_count":49}
{"loyalty_score":9,"product_id":"P47","product_category":"food","purchase_count":49}
{"loyalty_score":9,"product_id":"P56","product_category":"food","purchase_count":49}
{"loyalty_score":9,"product_id":"P04","product_category":"house","purchase_count":49}
{"loyalty_score":9,"product_id":"P50","product_category":"food","purchase_count":49}
{"loyalty_score":9,"product_id":"P48","product_category":"food","purchase_count":49}
{"loyalty_score":9,"product_id":"P41","product_category":"food","purchase_count":49}
{"loyalty_score":9,"product_id":"P06","product_category":"house","purchase_count":49}
{"loyalty_score":9,"product_id":"P42","product_category":"food","purchase_count":49}
{"loyalty_score":9,"product_id":"P04","product_category":"house","purchase_count":49}
{"loyalty_score":9,"product_id":"P02","product_category":"house","purchase_count":49}
{"loyalty_score":9,"product_id":"P06","product_category":"house","purchase_count":49}
{"loyalty_score":9,"product_id":"P02","product_category":"house","purchase_count":49}
{"loyalty_score":9,"product_id":"P07","product_category":"house","purchase_count":49}
{"loyalty_score":9,"product_id":"P09","product_category":"house","purchase_count":49}
{"loyalty_score":9,"product_id":"P54","product_category":"food","purchase_count":49}
{"loyalty_score":9,"product_id":"P49","product_category":"food","purchase_count":49}
{"loyalty_score":9,"product_id":"P10","product_category":"house","purchase_count":49}
{"loyalty_score":9,"product_id":"P09","product_category":"house","purchase_count":49}
{"loyalty_score":9,"product_id":"P12","product_category":"house","purchase_count":49}
{"loyalty_score":9,"product_id":"P43","product_category":"food","purchase_count":49}
{"loyalty_score":9,"product_id":"P43","product_category":"food","purchase_count":49}
{"loyalty_score":9,"product_id":"P41","product_category":"food","purchase_count":49}
{"loyalty_score":9,"product_id":"P11","product_category":"house","purchase_count":49}
{"loyalty_score":9,"product_id":"P12","product_category":"house","purchase_count":49}
{"loyalty_score":9,"product_id":"P06","product_category":"house","purchase_count":49}
{"loyalty_score":9,"product_id":"P07","product_category":"house","purchase_count":49}
{"loyalty_score":9,"product_id":"P43","product_category":"food","purchase_count":49}
{"loyalty_score":9,"product_id":"P50","product_category":"food","purchase_count":49}
{"loyalty_score":9,"product_id":"P56","product_category":"food","purchase_count":49}
{"loyalty_score":9,"product_id":"P56","product_category":"food","purchase_count":49}
{"loyalty_score":9,"product_id":"P04","product_category":"house","purchase_count":49}
{"loyalty_score":9,"product_id":"P05","product_category":"house","purchase_count":49}
{"loyalty_score":9,"product_id":"P01","product_category":"house","purchase_count":49}
{"loyalty_score":9,"product_id":"P04","product_category":"house","purchase_count":49}
{"loyalty_score":9,"product_id":"P47","product_category":"food","purchase_count":49}
{"loyalty_score":9,"product_id":"P50","product_category":"food","purchase_count":49}
{"loyalty_score":9,"product_id":"P52","product_category":"food","purchase_count":49}
{"loyalty_score":9,"product_id":"P05","product_category":"house","purchase_count":49}
{"loyalty_score":9,"product_id":"P01","product_category":"house","purchase_count":49}
{"loyalty_score":9,"product_id":"P10","product_category":"house","purchase_count":49}
{"loyalty_score":9,"product_id":"P06","product_category":"house","purchase_count":49}
{"loyalty_score":9,"product_id":"P06","product_category":"house","purchase_count":49}
