{"loyalty_score":8,"product_id":"P63","product_category":"bws","purchase_count":49}
{"loyalty_score":8,"product_id":"P25","product_category":"fruit_veg","purchase_count":49}
{"loyalty_score":8,"product_id":"P27","product_category":"fruit_veg","purchase_count":49}
{"loyalty_score":8,"product_id":"P27","product_category":"fruit_veg","purchase_count":49}
{"loyalty_score":8,"product_id":"P61","product_category":"bws","purchase_count":49}
{"loyalty_score":8,"product_id":"P64","product_category":"bws","purchase_count":49}
{"loyalty_score":8,"product_id":"P64","product_category":"bws","purchase_count":49}
{"loyalty_score":8,"product_id":"P64","product_category":"bws","purchase_count":49}
{"loyalty_score":8,"product_id":"P63","product_category":"bws","purchase_count":49}
{"loyalty_score":8,"product_id":"P63","product_category":"bws","purchase_count":49}
{"loyalty_score":8,"product_id":"P63","product_category":"bws","purchase_count":49}
{"loyalty_score":8,"product_id":"P40","product_category":"sweets","purchase_count":49}
{"loyalty_score":8,"product_id":"P61","product_category":"bws","purchase_count":49}
{"loyalty_score":8,"product_id":"P52","product_category":"food","purchase_count":49}
{"loyalty_score":8,"product_id":"P61","product_category":"bws","purchase_count":49}
{"loyalty_score":8,"product_id":"P25","product_category":"fruit_veg","purchase_count":49}
{"loyalty_score":8,"product_id":"P54","product_category":"food","purchase_count":49}
{"loyalty_score":8,"product_id":"P46","product_category":"food","purchase_count":49}
{"loyalty_score":8,"product_id":"P26","product_category":"fruit_veg","purchase_count":49}
{"loyalty_score":8,"product_id":"P43","product_category":"food","purchase_count":49}
{"loyalty_score":8,"product_id":"P32","product_category":"fruit_veg","purchase_count":49}
{"loyalty_score":8,"product_id":"P27","product_category":"fruit_veg","purchase_count":49}
{"loyalty_score":8,"product_id":"P34","product_category":"fruit_veg","purchase_count":49}
{"loyalty_score":8,"product_id":"P24","product_category":"fruit_veg","purchase_count":49}
{"loyalty_score":8,"product_id":"P29","product_category":"fruit_veg","purchase_count":49}
{"loyalty_score":8,"product_id":"P25","product_category":"fruit_veg","purchase_count":49}
{"loyalty_score":8,"product_id":"P39","product_category":"sweets","purchase_count":49}
{"loyalty_score":8,"product_id":"P41","product_category":"food","purchase_count":49}
{"loyalty_score":8,"product_id":"P50","product_category":"food","purchase_count":49}
{"loyalty_score":8,"product_id":"P45","product_category":"food","purchase_count":49}
{"loyalty_score":8,"product_id":"P28","product_category":"fruit_veg","purchase_count":49}
{"loyalty_score":8,"product_id":"P34","product_category":"fruit_veg","purchase_count":49}
{"loyalty_score":8,"product_id":"P40","product_category":"sweets","purchase_count":49}
{"loyalty_score":8,"product_id":"P36","product_category":"sweets","purchase_count":49}
{"loyalty_score":8,"product_id":"P37","product_category":"sweets","purchase_count":49}
{"loyalty_score":8,"product_id":"P30","product_category":"fruit_veg","purchase_count":49}
{"loyalty_score":8,"product_id":"P33","product_category":"fruit_veg","purchase_count":49}
{"loyalty_score":8,"product_id":"P22","product_category":"fruit_veg","purchase_count":49}
{"loyalty_score":8,"product_id":"P64","product_category":"bws","purchase_count":49}
{"loyalty_score":8,"product_id":"P63","product_category":"bws","purchase_count":49}
{"loyalty_score":8,"product_id":"P35","product_category":"sweets","purchase_count":49}
{"loyalty_score":8,"product_id":"P37","product_category":"sweets","purchase_count":49}
{"loyalty_score":8,"product_id":"P22","product_category":"fruit_veg","purchase_count":49}
{"loyalty_score":8,"product_id":"P29","product_category":"fruit_veg","purchase_count":49}
{"loyalty_score":8,"product_id":"P24","product_category":"fruit_veg","purchase_count":49}
{"loyalty_score":8,"product_id":"P61","product_category":"bws","purchase_count":49}
{"loyalty_score":8,"product_id":"P23","product_category":"fruit_veg","purchase_count":49}
{"loyalty_score":8,"product_id":"P63","product_category":"bws","purchase_count":49}
{"loyalty_score":8,"product_id":"P64","product_category":"bws","purchase_count":49}
