{"loyalty_score":4,"product_id":"P28","product_category":"fruit_veg","purchase_count":17}
{"loyalty_score":4,"product_id":"P28","product_category":"fruit_veg","purchase_count":17}
{"loyalty_score":4,"product_id":"P33","product_category":"fruit_veg","purchase_count":17}
{"loyalty_score":4,"product_id":"P42","product_category":"food","purchase_count":17}
{"loyalty_score":4,"product_id":"P42","product_category":"food","purchase_count":17}
{"loyalty_score":4,"product_id":"P44","product_category":"food","purchase_count":17}
{"loyalty_score":4,"product_id":"P54","product_category":"food","purchase_count":17}
{"loyalty_score":4,"product_id":"P28","product_category":"fruit_veg","purchase_count":17}
{"loyalty_score":4,"product_id":"P32","product_category":"fruit_veg","purchase_count":17}
{"loyalty_score":4,"product_id":"P28","product_category":"fruit_veg","purchase_count":17}
{"loyalty_score":4,"product_id":"P04","product_category":"house","purchase_count":17}
{"loyalty_score":4,"product_id":"P11","product_category":"house","purchase_count":17}
{"loyalty_score":4,"product_id":"P11","product_category":"house","purchase_count":17}
{"loyalty_score":4,"product_id":"P09","product_category":"house","purchase_count":17}
{"loyalty_score":4,"product_id":"P01","product_category":"house","purchase_count":17}
{"loyalty_score":4,"product_id":"P04","product_category":"house","purchase_count":17}
{"loyalty_score":4,"product_id":"P50","product_category":"food","purchase_count":17}
