{"loyalty_score":8,"product_id":"P39","product_category":"sweets","purchase_count":32}
{"loyalty_score":8,"product_id":"P03","product_category":"house","purchase_count":32}
{"loyalty_score":8,"product_id":"P10","product_category":"house","purchase_count":32}
{"loyalty_score":8,"product_id":"P08","product_category":"house","purchase_count":32}
{"loyalty_score":8,"product_id":"P11","product_category":"house","purchase_count":32}
{"loyalty_score":8,"product_id":"P39","product_category":"sweets","purchase_count":32}
{"loyalty_score":8,"product_id":"P40","product_category":"sweets","purchase_count":32}
{"loyalty_score":8,"product_id":"P37","product_category":"sweets","purchase_count":32}
{"loyalty_score":8,"product_id":"P38","product_category":"sweets","purchase_count":32}
{"loyalty_score":8,"product_id":"P09","product_category":"house","purchase_count":32}
{"loyalty_score":8,"product_id":"P03","product_category":"house","purchase_count":32}
{"loyalty_score":8,"product_id":"P03","product_category":"house","purchase_count":32}
{"loyalty_score":8,"product_id":"P08","product_category":"house","purchase_count":32}
{"loyalty_score":8,"product_id":"P37","product_category":"sweets","purchase_count":32}
{"loyalty_score":8,"product_id":"P35","product_category":"sweets","purchase_count":32}
{"loyalty_score":8,"product_id":"P12","product_category":"house","purchase_count":32}
{"loyalty_score":8,"product_id":"P04","product_category":"house","purchase_count":32}
{"loyalty_score":8,"product_id":"P38","product_category":"sweets","purchase_count":32}
{"loyalty_score":8,"product_id":"P39","product_category":"sweets","purchase_count":32}
{"loyalty_score":8,"product_id":"P38","product_category":"sweets","purchase_count":32}
{"loyalty_score":8,"product_id":"P38","product_category":"sweets","purchase_count":32}
{"loyalty_score":8,"product_id":"P36","product_category":"sweets","purchase_count":32}
{"loyalty_score":8,"product_id":"P38","product_category":"sweets","purchase_count":32}
{"loyalty_score":8,"product_id":"P37","product_category":"sweets","purchase_count":32}
{"loyalty_score":8,"product_id":"P02","product_category":"house","purchase_count":32}
{"loyalty_score":8,"product_id":"P36","product_category":"sweets","purchase_count":32}
{"loyalty_score":8,"product_id":"P38","product_category":"sweets","purchase_count":32}
{"loyalty_score":8,"product_id":"P37","product_category":"sweets","purchase_count":32}
{"loyalty_score":8,"product_id":"P40","product_category":"sweets","purchase_count":32}
{"loyalty_score":8,"product_id":"P37","product_category":"sweets","purchase_count":32}
{"loyalty_score":8,"product_id":"P36","product_category":"sweets","purchase_count":32}
{"loyalty_score":8,"product_id":"P38","product_category":"sweets","purchase_count":32}
