{"customer_id": "C3", "basket": [{"product_id": "P55", "price": 1517}], "date_of_purchase": "2019-02-25 04:16:00"}
{"customer_id": "C4", "basket": [{"product_id": "P37", "price": 693}, {"product_id": "P40", "price": 902}, {"product_id": "P39", "price": 1602}], "date_of_purchase": "2019-02-25 13:16:00"}
{"customer_id": "C17", "basket": [{"product_id": "P46", "price": 678}, {"product_id": "P54", "price": 1603}], "date_of_purchase": "2019-02-25 12:05:00"}
{"customer_id": "C20", "basket": [{"product_id": "P36", "price": 868}], "date_of_purchase": "2019-02-25 05:59:00"}
{"customer_id": "C23", "basket": [{"product_id": "P05", "price": 309}, {"product_id": "P03", "price": 1157}], "date_of_purchase": "2019-02-25 12:07:00"}
{"customer_id": "C40", "basket": [{"product_id": "P60", "price": 1509}, {"product_id": "P56", "price": 906}], "date_of_purchase": "2019-02-25 04:09:00"}
{"customer_id": "C50", "basket": [{"product_id": "P34", "price": 994}, {"product_id": "P25", "price": 108}, {"product_id": "P30", "price": 1235}], "date_of_purchase": "2019-02-25 23:16:00"}
{"customer_id": "C52", "basket": [{"product_id": "P61", "price": 997}, {"product_id": "P62", "price": 1167}], "date_of_purchase": "2019-02-25 23:01:00"}
{"customer_id": "C54", "basket": [{"product_id": "P25", "price": 186}, {"product_id": "P22", "price": 300}], "date_of_purchase": "2019-02-25 18:08:00"}
{"customer_id": "C66", "basket": [{"product_id": "P52", "price": 997}], "date_of_purchase": "2019-02-25 14:06:00"}
{"customer_id": "C67", "basket": [{"product_id": "P54", "price": 1011}], "date_of_purchase": "2019-02-25 03:31:00"}
{"customer_id": "C75", "basket": [{"product_id": "P45", "price": 37}], "date_of_purchase": "2019-02-25 05:43:00"}
{"customer_id": "C88", "basket": [{"product_id": "P25", "price": 894}, {"product_id": "P30", "price": 1450}], "date_of_purchase": "2019-02-25 13:05:00"}
{"customer_id": "C104", "basket": [{"product_id": "P35", "price": 147}, {"product_id": "P37", "price": 1454}, {"product_id": "P35", "price": 365}], "date_of_purchase": "2019-02-25 15:16:00"}
{"customer_id": "C106", "basket": [{"product_id": "P42", "price": 1621}, {"product_id": "P44", "price": 1849}], "date_of_purchase": "2019-02-25 14:29:00"}
{"customer_id": "C116", "basket": [{"product_id": "P47", "price": 1378}, {"product_id": "P42", "price": 1762}, {"product_id": "P49", "price": 479}], "date_of_purchase": "2019-02-25 17:23:00"}
{"customer_id": "C117", "basket": [{"product_id": "P49", "price": 607}, {"product_id": "P58", "price": 1551}], "date_of_purchase": "2019-02-25 05:33:00"}
{"customer_id": "C122", "basket": [{"product_id": "P40", "price": 511}], "date_of_purchase": "2019-02-25 22:12:00"}
{"customer_id": "C125", "basket": [{"product_id": "P20", "price": 689}], "date_of_purchase": "2019-02-25 21:38:00"}
{"customer_id": "C130", "basket": [{"product_id": "P39", "price": 1663}, {"product_id": "P37", "price": 957}, {"product_id": "P35", "price": 677}], "date_of_purchase": "2019-02-25 23:05:00"}
{"customer_id": "C131", "basket": [{"product_id": "P13", "price": 481}], "date_of_purchase": "2019-02-25 03:26:00"}
{"customer_id": "C132", "basket": [{"product_id": "P51", "price": 1645}], "date_of_purchase": "2019-02-25 19:01:00"}
{"customer_id": "C135", "basket": [{"product_id": "P27", "price": 269}], "date_of_purchase": "2019-02-25 17:44:00"}
{"customer_id": "C137", "basket": [{"product_id": "P56", "price": 610}, {"product_id": "P47", "price": 1021}], "date_of_purchase": "2019-02-25 21:46:00"}
