{"loyalty_score":8,"product_id":"P51","product_category":"food","purchase_count":11}
{"loyalty_score":8,"product_id":"P49","product_category":"food","purchase_count":11}
{"loyalty_score":8,"product_id":"P58","product_category":"food","purchase_count":11}
{"loyalty_score":8,"product_id":"P42","product_category":"food","purchase_count":11}
{"loyalty_score":8,"product_id":"P45","product_category":"food","purchase_count":11}
{"loyalty_score":8,"product_id":"P52","product_category":"food","purchase_count":11}
{"loyalty_score":8,"product_id":"P59","product_category":"food","purchase_count":11}
{"loyalty_score":8,"product_id":"P50","product_category":"food","purchase_count":11}
{"loyalty_score":8,"product_id":"P58","product_category":"food","purchase_count":11}
{"loyalty_score":8,"product_id":"P31","product_category":"fruit_veg","purchase_count":11}
{"loyalty_score":8,"product_id":"P24","product_category":"fruit_veg","purchase_count":11}
