{"loyalty_score":1,"product_id":"P31","product_category":"fruit_veg","purchase_count":12}
{"loyalty_score":1,"product_id":"P22","product_category":"fruit_veg","purchase_count":12}
{"loyalty_score":1,"product_id":"P27","product_category":"fruit_veg","purchase_count":12}
{"loyalty_score":1,"product_id":"P32","product_category":"fruit_veg","purchase_count":12}
{"loyalty_score":1,"product_id":"P22","product_category":"fruit_veg","purchase_count":12}
{"loyalty_score":1,"product_id":"P26","product_category":"fruit_veg","purchase_count":12}
{"loyalty_score":1,"product_id":"P28","product_category":"fruit_veg","purchase_count":12}
{"loyalty_score":1,"product_id":"P31","product_category":"fruit_veg","purchase_count":12}
{"loyalty_score":1,"product_id":"P24","product_category":"fruit_veg","purchase_count":12}
{"loyalty_score":1,"product_id":"P32","product_category":"fruit_veg","purchase_count":12}
{"loyalty_score":1,"product_id":"P23","product_category":"fruit_veg","purchase_count":12}
{"loyalty_score":1,"product_id":"P23","product_category":"fruit_veg","purchase_count":12}
