{"loyalty_score":10,"product_id":"P48","product_category":"food","purchase_count":35}
{"loyalty_score":10,"product_id":"P44","product_category":"food","purchase_count":35}
{"loyalty_score":10,"product_id":"P58","product_category":"food","purchase_count":35}
{"loyalty_score":10,"product_id":"P47","product_category":"food","purchase_count":35}
{"loyalty_score":10,"product_id":"P58","product_category":"food","purchase_count":35}
{"loyalty_score":10,"product_id":"P54","product_category":"food","purchase_count":35}
{"loyalty_score":10,"product_id":"P58","product_category":"food","purchase_count":35}
{"loyalty_score":10,"product_id":"P59","product_category":"food","purchase_count":35}
{"loyalty_score":10,"product_id":"P58","product_category":"food","purchase_count":35}
{"loyalty_score":10,"product_id":"P49","product_category":"food","purchase_count":35}
{"loyalty_score":10,"product_id":"P24","product_category":"fruit_veg","purchase_count":35}
{"loyalty_score":10,"product_id":"P28","product_category":"fruit_veg","purchase_count":35}
{"loyalty_score":10,"product_id":"P51","product_category":"food","purchase_count":35}
{"loyalty_score":10,"product_id":"P60","product_category":"food","purchase_count":35}
{"loyalty_score":10,"product_id":"P55","product_category":"food","purchase_count":35}
{"loyalty_score":10,"product_id":"P25","product_category":"fruit_veg","purchase_count":35}
{"loyalty_score":10,"product_id":"P27","product_category":"fruit_veg","purchase_count":35}
{"loyalty_score":10,"product_id":"P53","product_category":"food","purchase_count":35}
{"loyalty_score":10,"product_id":"P55","product_category":"food","purchase_count":35}
{"loyalty_score":10,"product_id":"P44","product_category":"food","purchase_count":35}
{"loyalty_score":10,"product_id":"P48","product_category":"food","purchase_count":35}
{"loyalty_score":10,"product_id":"P45","product_category":"food","purchase_count":35}
{"loyalty_score":10,"product_id":"P50","product_category":"food","purchase_count":35}
{"loyalty_score":10,"product_id":"P33","product_category":"fruit_veg","purchase_count":35}
{"loyalty_score":10,"product_id":"P34","product_category":"fruit_veg","purchase_count":35}
{"loyalty_score":10,"product_id":"P32","product_category":"fruit_veg","purchase_count":35}
{"loyalty_score":10,"product_id":"P24","product_category":"fruit_veg","purchase_count":35}
{"loyalty_score":10,"product_id":"P34","product_category":"fruit_veg","purchase_count":35}
{"loyalty_score":10,"product_id":"P32","product_category":"fruit_veg","purchase_count":35}
{"loyalty_score":10,"product_id":"P53","product_category":"food","purchase_count":35}
{"loyalty_score":10,"product_id":"P52","product_category":"food","purchase_count":35}
{"loyalty_score":10,"product_id":"P30","product_category":"fruit_veg","purchase_count":35}
{"loyalty_score":10,"product_id":"P30","product_category":"fruit_veg","purchase_count":35}
{"loyalty_score":10,"product_id":"P32","product_category":"fruit_veg","purchase_count":35}
{"loyalty_score":10,"product_id":"P29","product_category":"fruit_veg","purchase_count":35}
