{"loyalty_score":5,"product_id":"P41","product_category":"food","purchase_count":12}
{"loyalty_score":5,"product_id":"P41","product_category":"food","purchase_count":12}
{"loyalty_score":5,"product_id":"P45","product_category":"food","purchase_count":12}
{"loyalty_score":5,"product_id":"P08","product_category":"house","purchase_count":12}
{"loyalty_score":5,"product_id":"P21","product_category":"clothes","purchase_count":12}
{"loyalty_score":5,"product_id":"P13","product_category":"clothes","purchase_count":12}
{"loyalty_score":5,"product_id":"P20","product_category":"clothes","purchase_count":12}
{"loyalty_score":5,"product_id":"P18","product_category":"clothes","purchase_count":12}
{"loyalty_score":5,"product_id":"P21","product_category":"clothes","purchase_count":12}
{"loyalty_score":5,"product_id":"P59","product_category":"food","purchase_count":12}
{"loyalty_score":5,"product_id":"P46","product_category":"food","purchase_count":12}
{"loyalty_score":5,"product_id":"P04","product_category":"house","purchase_count":12}
