{"loyalty_score":5,"product_id":"P38","product_category":"sweets","purchase_count":20}
{"loyalty_score":5,"product_id":"P40","product_category":"sweets","purchase_count":20}
{"loyalty_score":5,"product_id":"P34","product_category":"fruit_veg","purchase_count":20}
{"loyalty_score":5,"product_id":"P31","product_category":"fruit_veg","purchase_count":20}
{"loyalty_score":5,"product_id":"P30","product_category":"fruit_veg","purchase_count":20}
{"loyalty_score":5,"product_id":"P07","product_category":"house","purchase_count":20}
{"loyalty_score":5,"product_id":"P05","product_category":"house","purchase_count":20}
{"loyalty_score":5,"product_id":"P36","product_category":"sweets","purchase_count":20}
{"loyalty_score":5,"product_id":"P09","product_category":"house","purchase_count":20}
{"loyalty_score":5,"product_id":"P10","product_category":"house","purchase_count":20}
{"loyalty_score":5,"product_id":"P07","product_category":"house","purchase_count":20}
{"loyalty_score":5,"product_id":"P36","product_category":"sweets","purchase_count":20}
{"loyalty_score":5,"product_id":"P39","product_category":"sweets","purchase_count":20}
{"loyalty_score":5,"product_id":"P40","product_category":"sweets","purchase_count":20}
{"loyalty_score":5,"product_id":"P39","product_category":"sweets","purchase_count":20}
{"loyalty_score":5,"product_id":"P37","product_category":"sweets","purchase_count":20}
{"loyalty_score":5,"product_id":"P39","product_category":"sweets","purchase_count":20}
{"loyalty_score":5,"product_id":"P30","product_category":"fruit_veg","purchase_count":20}
{"loyalty_score":5,"product_id":"P26","product_category":"fruit_veg","purchase_count":20}
{"loyalty_score":5,"product_id":"P30","product_category":"fruit_veg","purchase_count":20}
