{"loyalty_score":5,"product_id":"P60","product_category":"food","purchase_count":15}
{"loyalty_score":5,"product_id":"P42","product_category":"food","purchase_count":15}
{"loyalty_score":5,"product_id":"P59","product_category":"food","purchase_count":15}
{"loyalty_score":5,"product_id":"P36","product_category":"sweets","purchase_count":15}
{"loyalty_score":5,"product_id":"P36","product_category":"sweets","purchase_count":15}
{"loyalty_score":5,"product_id":"P61","product_category":"bws","purchase_count":15}
{"loyalty_score":5,"product_id":"P62","product_category":"bws","purchase_count":15}
{"loyalty_score":5,"product_id":"P39","product_category":"sweets","purchase_count":15}
{"loyalty_score":5,"product_id":"P40","product_category":"sweets","purchase_count":15}
{"loyalty_score":5,"product_id":"P37","product_category":"sweets","purchase_count":15}
{"loyalty_score":5,"product_id":"P40","product_category":"sweets","purchase_count":15}
{"loyalty_score":5,"product_id":"P39","product_category":"sweets","purchase_count":15}
{"loyalty_score":5,"product_id":"P36","product_category":"sweets","purchase_count":15}
{"loyalty_score":5,"product_id":"P38","product_category":"sweets","purchase_count":15}
{"loyalty_score":5,"product_id":"P35","product_category":"sweets","purchase_count":15}
