{"customer_id": "C3", "basket": [{"product_id": "P07", "price": 1611}], "date_of_purchase": "2019-02-17 11:04:00"}
{"customer_id": "C9", "basket": [{"product_id": "P24", "price": 636}, {"product_id": "P24", "price": 801}, {"product_id": "P32", "price": 183}], "date_of_purchase": "2019-02-17 17:08:00"}
{"customer_id": "C23", "basket": [{"product_id": "P60", "price": 153}], "date_of_purchase": "2019-02-17 03:52:00"}
{"customer_id": "C26", "basket": [{"product_id": "P33", "price": 180}, {"product_id": "P31", "price": 461}, {"product_id": "P28", "price": 1950}], "date_of_purchase": "2019-02-17 06:26:00"}
{"customer_id": "C33", "basket": [{"product_id": "P63", "price": 1699}, {"product_id": "P64", "price": 1610}, {"product_id": "P64", "price": 1170}], "date_of_purchase": "2019-02-17 13:36:00"}
{"customer_id": "C36", "basket": [{"product_id": "P11", "price": 974}], "date_of_purchase": "2019-02-17 03:08:00"}
{"customer_id": "C38", "basket": [{"product_id": "P12", "price": 1793}, {"product_id": "P03", "price": 431}], "date_of_purchase": "2019-02-17 04:01:00"}
{"customer_id": "C39", "basket": [{"product_id": "P38", "price": 506}, {"product_id": "P38", "price": 463}], "date_of_purchase": "2019-02-17 17:37:00"}
{"customer_id": "C47", "basket": [{"product_id": "P10", "price": 977}, {"product_id": "P01", "price": 1048}, {"product_id": "P12", "price": 1380}], "date_of_purchase": "2019-02-17 17:28:00"}
{"customer_id": "C52", "basket": [{"product_id": "P63", "price": 1044}, {"product_id": "P61", "price": 67}, {"product_id": "P64", "price": 50}], "date_of_purchase": "2019-02-17 19:57:00"}
{"customer_id": "C61", "basket": [{"product_id": "P32", "price": 437}], "date_of_purchase": "2019-02-17 07:05:00"}
{"customer_id": "C62", "basket": [{"product_id": "P20", "price": 688}], "date_of_purchase": "2019-02-17 18:14:00"}
{"customer_id": "C64", "basket": [{"product_id": "P10", "price": 1986}, {"product_id": "P01", "price": 68}], "date_of_purchase": "2019-02-17 06:17:00"}
{"customer_id": "C72", "basket": [{"product_id": "P41", "price": 598}], "date_of_purchase": "2019-02-17 10:26:00"}
{"customer_id": "C74", "basket": [{"product_id": "P26", "price": 1320}], "date_of_purchase": "2019-02-17 06:53:00"}
{"customer_id": "C77", "basket": [{"product_id": "P56", "price": 468}, {"product_id": "P54", "price": 1644}, {"product_id": "P45", "price": 813}], "date_of_purchase": "2019-02-17 12:14:00"}
{"customer_id": "C79", "basket": [{"product_id": "P60", "price": 1802}, {"product_id": "P60", "price": 1493}, {"product_id": "P55", "price": 1330}], "date_of_purchase": "2019-02-17 03:20:00"}
{"customer_id": "C91", "basket": [{"product_id": "P14", "price": 63}, {"product_id": "P19", "price": 1442}, {"product_id": "P17", "price": 1309}], "date_of_purchase": "2019-02-17 14:12:00"}
{"customer_id": "C93", "basket": [{"product_id": "P40", "price": 923}, {"product_id": "P39", "price": 699}, {"product_id": "P36", "price": 1739}], "date_of_purchase": "2019-02-17 09:16:00"}
{"customer_id": "C97", "basket": [{"product_id": "P03", "price": 204}, {"product_id": "P05", "price": 1656}], "date_of_purchase": "2019-02-17 18:52:00"}
{"customer_id": "C100", "basket": [{"product_id": "P39", "price": 1696}, {"product_id": "P36", "price": 1761}], "date_of_purchase": "2019-02-17 05:35:00"}
{"customer_id": "C105", "basket": [{"product_id": "P01", "price": 771}, {"product_id": "P08", "price": 433}, {"product_id": "P12", "price": 1946}], "date_of_purchase": "2019-02-17 09:33:00"}
{"customer_id": "C108", "basket": [{"product_id": "P08", "price": 446}], "date_of_purchase": "2019-02-17 03:38:00"}
{"customer_id": "C116", "basket": [{"product_id": "P54", "price": 1082}, {"product_id": "P57", "price": 1477}, {"product_id": "P48", "price": 824}], "date_of_purchase": "2019-02-17 16:56:00"}
{"customer_id": "C117", "basket": [{"product_id": "P50", "price": 1838}], "date_of_purchase": "2019-02-17 21:28:00"}
{"customer_id": "C126", "basket": [{"product_id": "P02", "price": 1654}, {"product_id": "P04", "price": 1559}, {"product_id": "P04", "price": 539}], "date_of_purchase": "2019-02-17 15:11:00"}
{"customer_id": "C132", "basket": [{"product_id": "P39", "price": 988}, {"product_id": "P35", "price": 1553}, {"product_id": "P40", "price": 1790}], "date_of_purchase": "2019-02-17 12:04:00"}
