{"customer_id": "C2", "basket": [{"product_id": "P35", "price": 591}, {"product_id": "P38", "price": 1315}], "date_of_purchase": "2019-01-22 10:11:00"}
{"customer_id": "C3", "basket": [{"product_id": "P39", "price": 97}, {"product_id": "P35", "price": 499}, {"product_id": "P40", "price": 1200}], "date_of_purchase": "2019-01-22 20:43:00"}
{"customer_id": "C10", "basket": [{"product_id": "P33", "price": 1546}, {"product_id": "P34", "price": 1461}], "date_of_purchase": "2019-01-22 03:56:00"}
{"customer_id": "C16", "basket": [{"product_id": "P23", "price": 1173}, {"product_id": "P29", "price": 1516}, {"product_id": "P34", "price": 1847}], "date_of_purchase": "2019-01-22 11:22:00"}
{"customer_id": "C26", "basket": [{"product_id": "P01", "price": 1691}, {"product_id": "P03", "price": 832}], "date_of_purchase": "2019-01-22 16:13:00"}
{"customer_id": "C35", "basket": [{"product_id": "P16", "price": 1366}, {"product_id": "P13", "price": 170}, {"product_id": "P15", "price": 1787}], "date_of_purchase": "2019-01-22 13:20:00"}
{"customer_id": "C37", "basket": [{"product_id": "P32", "price": 1602}, {"product_id": "P32", "price": 1299}], "date_of_purchase": "2019-01-22 09:25:00"}
{"customer_id": "C40", "basket": [{"product_id": "P54", "price": 1904}, {"product_id": "P44", "price": 466}], "date_of_purchase": "2019-01-22 23:45:00"}
{"customer_id": "C41", "basket": [{"product_id": "P36", "price": 718}, {"product_id": "P39", "price": 235}], "date_of_purchase": "2019-01-22 17:34:00"}
{"customer_id": "C52", "basket": [{"product_id": "P63", "price": 742}], "date_of_purchase": "2019-01-22 08:29:00"}
{"customer_id": "C59", "basket": [{"product_id": "P42", "price": 1927}, {"product_id": "P59", "price": 58}], "date_of_purchase": "2019-01-22 15:09:00"}
{"customer_id": "C75", "basket": [{"product_id": "P34", "price": 316}, {"product_id": "P23", "price": 1765}, {"product_id": "P22", "price": 517}], "date_of_purchase": "2019-01-22 08:19:00"}
{"customer_id": "C79", "basket": [{"product_id": "P50", "price": 1201}], "date_of_purchase": "2019-01-22 22:10:00"}
{"customer_id": "C83", "basket": [{"product_id": "P38", "price": 1986}, {"product_id": "P36", "price": 1446}, {"product_id": "P37", "price": 565}], "date_of_purchase": "2019-01-22 09:19:00"}
{"customer_id": "C88", "basket": [{"product_id": "P30", "price": 1669}, {"product_id": "P23", "price": 1341}], "date_of_purchase": "2019-01-22 19:38:00"}
{"customer_id": "C95", "basket": [{"product_id": "P28", "price": 1915}, {"product_id": "P27", "price": 1499}, {"product_id": "P26", "price": 1173}], "date_of_purchase": "2019-01-22 04:51:00"}
{"customer_id": "C106", "basket": [{"product_id": "P50", "price": 1891}, {"product_id": "P43", "price": 507}, {"product_id": "P51", "price": 1772}], "date_of_purchase": "2019-01-22 04:59:00"}
{"customer_id": "C115", "basket": [{"product_id": "P04", "price": 666}, {"product_id": "P12", "price": 30}], "date_of_purchase": "2019-01-22 13:08:00"}
{"customer_id": "C118", "basket": [{"product_id": "P09", "price": 194}, {"product_id": "P12", "price": 1399}], "date_of_purchase": "2019-01-22 05:38:00"}
{"customer_id": "C127", "basket": [{"product_id": "P23", "price": 714}], "date_of_purchase": "2019-01-22 16:05:00"}
{"customer_id": "C128", "basket": [{"product_id": "P03", "price": 561}], "date_of_purchase": "2019-01-22 22:35:00"}
{"customer_id": "C132", "basket": [{"product_id": "P62", "price": 518}, {"product_id": "P64", "price": 840}], "date_of_purchase": "2019-01-22 11:33:00"}
