{"loyalty_score":10,"product_id":"P12","product_category":"house","purchase_count":43}
{"loyalty_score":10,"product_id":"P06","product_category":"house","purchase_count":43}
{"loyalty_score":10,"product_id":"P11","product_category":"house","purchase_count":43}
{"loyalty_score":10,"product_id":"P05","product_category":"house","purchase_count":43}
{"loyalty_score":10,"product_id":"P01","product_category":"house","purchase_count":43}
{"loyalty_score":10,"product_id":"P04","product_category":"house","purchase_count":43}
{"loyalty_score":10,"product_id":"P01","product_category":"house","purchase_count":43}
{"loyalty_score":10,"product_id":"P04","product_category":"house","purchase_count":43}
{"loyalty_score":10,"product_id":"P09","product_category":"house","purchase_count":43}
{"loyalty_score":10,"product_id":"P06","product_category":"house","purchase_count":43}
{"loyalty_score":10,"product_id":"P12","product_category":"house","purchase_count":43}
{"loyalty_score":10,"product_id":"P09","product_category":"house","purchase_count":43}
{"loyalty_score":10,"product_id":"P05","product_category":"house","purchase_count":43}
{"loyalty_score":10,"product_id":"P01","product_category":"house","purchase_count":43}
{"loyalty_score":10,"product_id":"P04","product_category":"house","purchase_count":43}
{"loyalty_score":10,"product_id":"P05","product_category":"house","purchase_count":43}
{"loyalty_score":10,"product_id":"P04","product_category":"house","purchase_count":43}
{"loyalty_score":10,"product_id":"P01","product_category":"house","purchase_count":43}
{"loyalty_score":10,"product_id":"P10","product_category":"house","purchase_count":43}
{"loyalty_score":10,"product_id":"P01","product_category":"house","purchase_count":43}
{"loyalty_score":10,"product_id":"P12","product_category":"house","purchase_count":43}
{"loyalty_score":10,"product_id":"P03","product_category":"house","purchase_count":43}
{"loyalty_score":10,"product_id":"P11","product_category":"house","purchase_count":43}
{"loyalty_score":10,"product_id":"P07","product_category":"house","purchase_count":43}
{"loyalty_score":10,"product_id":"P09","product_category":"house","purchase_count":43}
{"loyalty_score":10,"product_id":"P10","product_category":"house","purchase_count":43}
{"loyalty_score":10,"product_id":"P09","product_category":"house","purchase_count":43}
{"loyalty_score":10,"product_id":"P04","product_category":"house","purchase_count":43}
{"loyalty_score":10,"product_id":"P05","product_category":"house","purchase_count":43}
{"loyalty_score":10,"product_id":"P06","product_category":"house","purchase_count":43}
{"loyalty_score":10,"product_id":"P04","product_category":"house","purchase_count":43}
{"loyalty_score":10,"product_id":"P12","product_category":"house","purchase_count":43}
{"loyalty_score":10,"product_id":"P04","product_category":"house","purchase_count":43}
{"loyalty_score":10,"product_id":"P06","product_category":"house","purchase_count":43}
{"loyalty_score":10,"product_id":"P07","product_category":"house","purchase_count":43}
{"loyalty_score":10,"product_id":"P10","product_category":"house","purchase_count":43}
{"loyalty_score":10,"product_id":"P11","product_category":"house","purchase_count":43}
{"loyalty_score":10,"product_id":"P09","product_category":"house","purchase_count":43}
{"loyalty_score":10,"product_id":"P03","product_category":"house","purchase_count":43}
{"loyalty_score":10,"product_id":"P03","product_category":"house","purchase_count":43}
{"loyalty_score":10,"product_id":"P12","product_category":"house","purchase_count":43}
{"loyalty_score":10,"product_id":"P06","product_category":"house","purchase_count":43}
{"loyalty_score":10,"product_id":"P12","product_category":"house","purchase_count":43}
