{"loyalty_score":8,"product_id":"P52","product_category":"food","purchase_count":12}
{"loyalty_score":8,"product_id":"P53","product_category":"food","purchase_count":12}
{"loyalty_score":8,"product_id":"P48","product_category":"food","purchase_count":12}
{"loyalty_score":8,"product_id":"P49","product_category":"food","purchase_count":12}
{"loyalty_score":8,"product_id":"P48","product_category":"food","purchase_count":12}
{"loyalty_score":8,"product_id":"P56","product_category":"food","purchase_count":12}
{"loyalty_score":8,"product_id":"P52","product_category":"food","purchase_count":12}
{"loyalty_score":8,"product_id":"P43","product_category":"food","purchase_count":12}
{"loyalty_score":8,"product_id":"P57","product_category":"food","purchase_count":12}
{"loyalty_score":8,"product_id":"P47","product_category":"food","purchase_count":12}
{"loyalty_score":8,"product_id":"P59","product_category":"food","purchase_count":12}
{"loyalty_score":8,"product_id":"P60","product_category":"food","purchase_count":12}
