{"loyalty_score":7,"product_id":"P02","product_category":"house","purchase_count":26}
{"loyalty_score":7,"product_id":"P04","product_category":"house","purchase_count":26}
{"loyalty_score":7,"product_id":"P08","product_category":"house","purchase_count":26}
{"loyalty_score":7,"product_id":"P45","product_category":"food","purchase_count":26}
{"loyalty_score":7,"product_id":"P56","product_category":"food","purchase_count":26}
{"loyalty_score":7,"product_id":"P59","product_category":"food","purchase_count":26}
{"loyalty_score":7,"product_id":"P46","product_category":"food","purchase_count":26}
{"loyalty_score":7,"product_id":"P55","product_category":"food","purchase_count":26}
{"loyalty_score":7,"product_id":"P56","product_category":"food","purchase_count":26}
{"loyalty_score":7,"product_id":"P12","product_category":"house","purchase_count":26}
{"loyalty_score":7,"product_id":"P02","product_category":"house","purchase_count":26}
{"loyalty_score":7,"product_id":"P02","product_category":"house","purchase_count":26}
{"loyalty_score":7,"product_id":"P04","product_category":"house","purchase_count":26}
{"loyalty_score":7,"product_id":"P04","product_category":"house","purchase_count":26}
{"loyalty_score":7,"product_id":"P07","product_category":"house","purchase_count":26}
{"loyalty_score":7,"product_id":"P52","product_category":"food","purchase_count":26}
{"loyalty_score":7,"product_id":"P48","product_category":"food","purchase_count":26}
{"loyalty_score":7,"product_id":"P56","product_category":"food","purchase_count":26}
{"loyalty_score":7,"product_id":"P01","product_category":"house","purchase_count":26}
{"loyalty_score":7,"product_id":"P07","product_category":"house","purchase_count":26}
{"loyalty_score":7,"product_id":"P07","product_category":"house","purchase_count":26}
{"loyalty_score":7,"product_id":"P42","product_category":"food","purchase_count":26}
{"loyalty_score":7,"product_id":"P52","product_category":"food","purchase_count":26}
{"loyalty_score":7,"product_id":"P57","product_category":"food","purchase_count":26}
{"loyalty_score":7,"product_id":"P49","product_category":"food","purchase_count":26}
{"loyalty_score":7,"product_id":"P59","product_category":"food","purchase_count":26}
