{"loyalty_score":1,"product_id":"P12","product_category":"house","purchase_count":18}
{"loyalty_score":1,"product_id":"P04","product_category":"house","purchase_count":18}
{"loyalty_score":1,"product_id":"P11","product_category":"house","purchase_count":18}
{"loyalty_score":1,"product_id":"P05","product_category":"house","purchase_count":18}
{"loyalty_score":1,"product_id":"P12","product_category":"house","purchase_count":18}
{"loyalty_score":1,"product_id":"P16","product_category":"clothes","purchase_count":18}
{"loyalty_score":1,"product_id":"P14","product_category":"clothes","purchase_count":18}
{"loyalty_score":1,"product_id":"P19","product_category":"clothes","purchase_count":18}
{"loyalty_score":1,"product_id":"P17","product_category":"clothes","purchase_count":18}
{"loyalty_score":1,"product_id":"P19","product_category":"clothes","purchase_count":18}
{"loyalty_score":1,"product_id":"P21","product_category":"clothes","purchase_count":18}
{"loyalty_score":1,"product_id":"P64","product_category":"bws","purchase_count":18}
{"loyalty_score":1,"product_id":"P13","product_category":"clothes","purchase_count":18}
{"loyalty_score":1,"product_id":"P36","product_category":"sweets","purchase_count":18}
{"loyalty_score":1,"product_id":"P11","product_category":"house","purchase_count":18}
{"loyalty_score":1,"product_id":"P36","product_category":"sweets","purchase_count":18}
{"loyalty_score":1,"product_id":"P38","product_category":"sweets","purchase_count":18}
{"loyalty_score":1,"product_id":"P38","product_category":"sweets","purchase_count":18}
