{"customer_id": "C2", "basket": [{"product_id": "P36", "price": 1343}], "date_of_purchase": "2019-01-09 22:59:00"}
{"customer_id": "C4", "basket": [{"product_id": "P36", "price": 356}, {"product_id": "P39", "price": 1691}, {"product_id": "P40", "price": 1123}], "date_of_purchase": "2019-01-09 09:22:00"}
{"customer_id": "C8", "basket": [{"product_id": "P63", "price": 1396}], "date_of_purchase": "2019-01-09 04:20:00"}
{"customer_id": "C9", "basket": [{"product_id": "P51", "price": 1451}], "date_of_purchase": "2019-01-09 09:29:00"}
{"customer_id": "C10", "basket": [{"product_id": "P60", "price": 191}, {"product_id": "P49", "price": 1180}, {"product_id": "P57", "price": 453}], "date_of_purchase": "2019-01-09 13:34:00"}
{"customer_id": "C13", "basket": [{"product_id": "P10", "price": 1677}], "date_of_purchase": "2019-01-09 20:23:00"}
{"customer_id": "C20", "basket": [{"product_id": "P51", "price": 1954}, {"product_id": "P52", "price": 367}], "date_of_purchase": "2019-01-09 05:04:00"}
{"customer_id": "C24", "basket": [{"product_id": "P27", "price": 835}], "date_of_purchase": "2019-01-09 13:42:00"}
{"customer_id": "C32", "basket": [{"product_id": "P25", "price": 858}, {"product_id": "P23", "price": 1466}], "date_of_purchase": "2019-01-09 11:46:00"}
{"customer_id": "C34", "basket": [{"product_id": "P31", "price": 591}], "date_of_purchase": "2019-01-09 14:23:00"}
{"customer_id": "C43", "basket": [{"product_id": "P61", "price": 312}], "date_of_purchase": "2019-01-09 15:50:00"}
{"customer_id": "C48", "basket": [{"product_id": "P33", "price": 127}], "date_of_purchase": "2019-01-09 22:53:00"}
{"customer_id": "C50", "basket": [{"product_id": "P23", "price": 788}, {"product_id": "P23", "price": 1183}, {"product_id": "P29", "price": 1063}], "date_of_purchase": "2019-01-09 14:41:00"}
{"customer_id": "C51", "basket": [{"product_id": "P36", "price": 877}, {"product_id": "P37", "price": 8}], "date_of_purchase": "2019-01-09 07:24:00"}
{"customer_id": "C52", "basket": [{"product_id": "P61", "price": 1505}], "date_of_purchase": "2019-01-09 18:41:00"}
{"customer_id": "C54", "basket": [{"product_id": "P30", "price": 429}, {"product_id": "P30", "price": 1618}], "date_of_purchase": "2019-01-09 05:47:00"}
{"customer_id": "C61", "basket": [{"product_id": "P32", "price": 1687}, {"product_id": "P28", "price": 1352}, {"product_id": "P32", "price": 1519}], "date_of_purchase": "2019-01-09 07:16:00"}
{"customer_id": "C68", "basket": [{"product_id": "P22", "price": 516}, {"product_id": "P33", "price": 287}, {"product_id": "P30", "price": 809}], "date_of_purchase": "2019-01-09 07:07:00"}
{"customer_id": "C70", "basket": [{"product_id": "P45", "price": 554}], "date_of_purchase": "2019-01-09 13:20:00"}
{"customer_id": "C77", "basket": [{"product_id": "P25", "price": 823}, {"product_id": "P26", "price": 1668}, {"product_id": "P30", "price": 337}], "date_of_purchase": "2019-01-09 16:19:00"}
{"customer_id": "C78", "basket": [{"product_id": "P28", "price": 1015}, {"product_id": "P25", "price": 718}, {"product_id": "P27", "price": 489}], "date_of_purchase": "2019-01-09 06:29:00"}
{"customer_id": "C85", "basket": [{"product_id": "P47", "price": 1091}], "date_of_purchase": "2019-01-09 12:10:00"}
{"customer_id": "C92", "basket": [{"product_id": "P33", "price": 580}, {"product_id": "P25", "price": 62}, {"product_id": "P29", "price": 1997}], "date_of_purchase": "2019-01-09 04:36:00"}
{"customer_id": "C95", "basket": [{"product_id": "P28", "price": 1234}, {"product_id": "P27", "price": 1354}, {"product_id": "P32", "price": 194}], "date_of_purchase": "2019-01-09 09:16:00"}
{"customer_id": "C116", "basket": [{"product_id": "P03", "price": 1991}, {"product_id": "P12", "price": 1637}, {"product_id": "P05", "price": 1474}], "date_of_purchase": "2019-01-09 19:42:00"}
{"customer_id": "C118", "basket": [{"product_id": "P30", "price": 1370}], "date_of_purchase": "2019-01-09 10:17:00"}
{"customer_id": "C120", "basket": [{"product_id": "P39", "price": 1624}], "date_of_purchase": "2019-01-09 14:19:00"}
{"customer_id": "C132", "basket": [{"product_id": "P36", "price": 1722}], "date_of_purchase": "2019-01-09 05:31:00"}
