{"loyalty_score":3,"product_id":"P46","product_category":"food","purchase_count":62}
{"loyalty_score":3,"product_id":"P60","product_category":"food","purchase_count":62}
{"loyalty_score":3,"product_id":"P22","product_category":"fruit_veg","purchase_count":62}
{"loyalty_score":3,"product_id":"P42","product_category":"food","purchase_count":62}
{"loyalty_score":3,"product_id":"P54","product_category":"food","purchase_count":62}
{"loyalty_score":3,"product_id":"P26","product_category":"fruit_veg","purchase_count":62}
{"loyalty_score":3,"product_id":"P28","product_category":"fruit_veg","purchase_count":62}
{"loyalty_score":3,"product_id":"P33","product_category":"fruit_veg","purchase_count":62}
{"loyalty_score":3,"product_id":"P48","product_category":"food","purchase_count":62}
{"loyalty_score":3,"product_id":"P32","product_category":"fruit_veg","purchase_count":62}
{"loyalty_score":3,"product_id":"P56","product_category":"food","purchase_count":62}
{"loyalty_score":3,"product_id":"P54","product_category":"food","purchase_count":62}
{"loyalty_score":3,"product_id":"P55","product_category":"food","purchase_count":62}
{"loyalty_score":3,"product_id":"P42","product_category":"food","purchase_count":62}
{"loyalty_score":3,"product_id":"P33","product_category":"fruit_veg","purchase_count":62}
{"loyalty_score":3,"product_id":"P28","product_category":"fruit_veg","purchase_count":62}
{"loyalty_score":3,"product_id":"P34","product_category":"fruit_veg","purchase_count":62}
{"loyalty_score":3,"product_id":"P22","product_category":"fruit_veg","purchase_count":62}
{"loyalty_score":3,"product_id":"P29","product_category":"fruit_veg","purchase_count":62}
{"loyalty_score":3,"product_id":"P26","product_category":"fruit_veg","purchase_count":62}
{"loyalty_score":3,"product_id":"P31","product_category":"fruit_veg","purchase_count":62}
{"loyalty_score":3,"product_id":"P30","product_category":"fruit_veg","purchase_count":62}
{"loyalty_score":3,"product_id":"P32","product_category":"fruit_veg","purchase_count":62}
{"loyalty_score":3,"product_id":"P24","product_category":"fruit_veg","purchase_count":62}
{"loyalty_score":3,"product_id":"P34","product_category":"fruit_veg","purchase_count":62}
{"loyalty_score":3,"product_id":"P29","product_category":"fruit_veg","purchase_count":62}
{"loyalty_score":3,"product_id":"P17","product_category":"clothes","purchase_count":62}
{"loyalty_score":3,"product_id":"P34","product_category":"fruit_veg","purchase_count":62}
{"loyalty_score":3,"product_id":"P26","product_category":"fruit_veg","purchase_count":62}
{"loyalty_score":3,"product_id":"P32","product_category":"fruit_veg","purchase_count":62}
{"loyalty_score":3,"product_id":"P13","product_category":"clothes","purchase_count":62}
{"loyalty_score":3,"product_id":"P18","product_category":"clothes","purchase_count":62}
{"loyalty_score":3,"product_id":"P19","product_category":"clothes","purchase_count":62}
{"loyalty_score":3,"product_id":"P46","product_category":"food","purchase_count":62}
{"loyalty_score":3,"product_id":"P45","product_category":"food","purchase_count":62}
{"loyalty_score":3,"product_id":"P52","product_category":"food","purchase_count":62}
{"loyalty_score":3,"product_id":"P46","product_category":"food","purchase_count":62}
{"loyalty_score":3,"product_id":"P23","product_category":"fruit_veg","purchase_count":62}
{"loyalty_score":3,"product_id":"P25","product_category":"fruit_veg","purchase_count":62}
{"loyalty_score":3,"product_id":"P43","product_category":"food","purchase_count":62}
{"loyalty_score":3,"product_id":"P57","product_category":"food","purchase_count":62}
{"loyalty_score":3,"product_id":"P54","product_category":"food","purchase_count":62}
{"loyalty_score":3,"product_id":"P28","product_category":"fruit_veg","purchase_count":62}
{"loyalty_score":3,"product_id":"P32","product_category":"fruit_veg","purchase_count":62}
{"loyalty_score":3,"product_id":"P34","product_category":"fruit_veg","purchase_count":62}
{"loyalty_score":3,"product_id":"P30","product_category":"fruit_veg","purchase_count":62}
{"loyalty_score":3,"product_id":"P24","product_category":"fruit_veg","purchase_count":62}
{"loyalty_score":3,"product_id":"P33","product_category":"fruit_veg","purchase_count":62}
{"loyalty_score":3,"product_id":"P44","product_category":"food","purchase_count":62}
{"loyalty_score":3,"product_id":"P55","product_category":"food","purchase_count":62}
{"loyalty_score":3,"product_id":"P50","product_category":"food","purchase_count":62}
{"loyalty_score":3,"product_id":"P54","product_category":"food","purchase_count":62}
{"loyalty_score":3,"product_id":"P49","product_category":"food","purchase_count":62}
{"loyalty_score":3,"product_id":"P42","product_category":"food","purchase_count":62}
{"loyalty_score":3,"product_id":"P20","product_category":"clothes","purchase_count":62}
{"loyalty_score":3,"product_id":"P21","product_category":"clothes","purchase_count":62}
{"loyalty_score":3,"product_id":"P42","product_category":"food","purchase_count":62}
{"loyalty_score":3,"product_id":"P59","product_category":"food","purchase_count":62}
{"loyalty_score":3,"product_id":"P47","product_category":"food","purchase_count":62}
{"loyalty_score":3,"product_id":"P30","product_category":"fruit_veg","purchase_count":62}
{"loyalty_score":3,"product_id":"P26","product_category":"fruit_veg","purchase_count":62}
{"loyalty_score":3,"product_id":"P33","product_category":"fruit_veg","purchase_count":62}
