{"loyalty_score":2,"product_id":"P14","product_category":"clothes","purchase_count":12}
{"loyalty_score":2,"product_id":"P54","product_category":"food","purchase_count":12}
{"loyalty_score":2,"product_id":"P46","product_category":"food","purchase_count":12}
{"loyalty_score":2,"product_id":"P62","product_category":"bws","purchase_count":12}
{"loyalty_score":2,"product_id":"P62","product_category":"bws","purchase_count":12}
{"loyalty_score":2,"product_id":"P41","product_category":"food","purchase_count":12}
{"loyalty_score":2,"product_id":"P59","product_category":"food","purchase_count":12}
{"loyalty_score":2,"product_id":"P42","product_category":"food","purchase_count":12}
{"loyalty_score":2,"product_id":"P45","product_category":"food","purchase_count":12}
{"loyalty_score":2,"product_id":"P61","product_category":"bws","purchase_count":12}
{"loyalty_score":2,"product_id":"P63","product_category":"bws","purchase_count":12}
{"loyalty_score":2,"product_id":"P64","product_category":"bws","purchase_count":12}
