{"customer_id": "C3", "basket": [{"product_id": "P10", "price": 1166}], "date_of_purchase": "2018-12-04 20:31:00"}
{"customer_id": "C9", "basket": [{"product_id": "P59", "price": 1313}, {"product_id": "P53", "price": 1729}, {"product_id": "P42", "price": 988}], "date_of_purchase": "2018-12-04 04:31:00"}
{"customer_id": "C29", "basket": [{"product_id": "P41", "price": 1195}, {"product_id": "P52", "price": 714}, {"product_id": "P51", "price": 648}], "date_of_purchase": "2018-12-04 07:45:00"}
{"customer_id": "C32", "basket": [{"product_id": "P29", "price": 265}, {"product_id": "P34", "price": 655}], "date_of_purchase": "2018-12-04 08:03:00"}
{"customer_id": "C33", "basket": [{"product_id": "P46", "price": 226}, {"product_id": "P48", "price": 1034}, {"product_id": "P58", "price": 1781}], "date_of_purchase": "2018-12-04 15:41:00"}
{"customer_id": "C41", "basket": [{"product_id": "P58", "price": 926}, {"product_id": "P44", "price": 391}, {"product_id": "P49", "price": 337}], "date_of_purchase": "2018-12-04 21:56:00"}
{"customer_id": "C48", "basket": [{"product_id": "P26", "price": 1407}, {"product_id": "P24", "price": 1452}], "date_of_purchase": "2018-12-04 20:46:00"}
{"customer_id": "C69", "basket": [{"product_id": "P33", "price": 437}, {"product_id": "P32", "price": 1969}], "date_of_purchase": "2018-12-04 07:52:00"}
{"customer_id": "C70", "basket": [{"product_id": "P52", "price": 1092}], "date_of_purchase": "2018-12-04 12:16:00"}
{"customer_id": "C72", "basket": [{"product_id": "P57", "price": 330}], "date_of_purchase": "2018-12-04 23:06:00"}
{"customer_id": "C76", "basket": [{"product_id": "P24", "price": 13}, {"product_id": "P22", "price": 1807}, {"product_id": "P33", "price": 49}], "date_of_purchase": "2018-12-04 14:50:00"}
{"customer_id": "C80", "basket": [{"product_id": "P64", "price": 623}, {"product_id": "P64", "price": 915}], "date_of_purchase": "2018-12-04 08:31:00"}
{"customer_id": "C89", "basket": [{"product_id": "P30", "price": 1518}, {"product_id": "P23", "price": 1191}, {"product_id": "P23", "price": 1362}], "date_of_purchase": "2018-12-04 19:06:00"}
{"customer_id": "C91", "basket": [{"product_id": "P13", "price": 768}], "date_of_purchase": "2018-12-04 22:46:00"}
{"customer_id": "C100", "basket": [{"product_id": "P62", "price": 1632}, {"product_id": "P61", "price": 1931}, {"product_id": "P61", "price": 1899}], "date_of_purchase": "2018-12-04 23:08:00"}
{"customer_id": "C103", "basket": [{"product_id": "P38", "price": 946}], "date_of_purchase": "2018-12-04 16:27:00"}
{"customer_id": "C105", "basket": [{"product_id": "P55", "price": 860}], "date_of_purchase": "2018-12-04 05:55:00"}
{"customer_id": "C107", "basket": [{"product_id": "P39", "price": 1731}, {"product_id": "P36", "price": 1471}], "date_of_purchase": "2018-12-04 19:50:00"}
{"customer_id": "C108", "basket": [{"product_id": "P12", "price": 613}, {"product_id": "P06", "price": 1387}, {"product_id": "P11", "price": 613}], "date_of_purchase": "2018-12-04 07:55:00"}
{"customer_id": "C110", "basket": [{"product_id": "P38", "price": 1436}, {"product_id": "P37", "price": 1707}, {"product_id": "P39", "price": 930}], "date_of_purchase": "2018-12-04 17:10:00"}
{"customer_id": "C111", "basket": [{"product_id": "P29", "price": 1003}], "date_of_purchase": "2018-12-04 23:23:00"}
{"customer_id": "C116", "basket": [{"product_id": "P10", "price": 1417}], "date_of_purchase": "2018-12-04 02:54:00"}
{"customer_id": "C136", "basket": [{"product_id": "P05", "price": 635}, {"product_id": "P04", "price": 492}, {"product_id": "P01", "price": 1524}], "date_of_purchase": "2018-12-04 09:27:00"}
{"customer_id": "C137", "basket": [{"product_id": "P06", "price": 1634}], "date_of_purchase": "2018-12-04 21:58:00"}
