{"loyalty_score":3,"product_id":"P03","product_category":"house","purchase_count":44}
{"loyalty_score":3,"product_id":"P06","product_category":"house","purchase_count":44}
{"loyalty_score":3,"product_id":"P04","product_category":"house","purchase_count":44}
{"loyalty_score":3,"product_id":"P02","product_category":"house","purchase_count":44}
{"loyalty_score":3,"product_id":"P12","product_category":"house","purchase_count":44}
{"loyalty_score":3,"product_id":"P47","product_category":"food","purchase_count":44}
{"loyalty_score":3,"product_id":"P54","product_category":"food","purchase_count":44}
{"loyalty_score":3,"product_id":"P07","product_category":"house","purchase_count":44}
{"loyalty_score":3,"product_id":"P05","product_category":"house","purchase_count":44}
{"loyalty_score":3,"product_id":"P03","product_category":"house","purchase_count":44}
{"loyalty_score":3,"product_id":"P58","product_category":"food","purchase_count":44}
{"loyalty_score":3,"product_id":"P51","product_category":"food","purchase_count":44}
{"loyalty_score":3,"product_id":"P08","product_category":"house","purchase_count":44}
{"loyalty_score":3,"product_id":"P09","product_category":"house","purchase_count":44}
{"loyalty_score":3,"product_id":"P06","product_category":"house","purchase_count":44}
{"loyalty_score":3,"product_id":"P35","product_category":"sweets","purchase_count":44}
{"loyalty_score":3,"product_id":"P54","product_category":"food","purchase_count":44}
{"loyalty_score":3,"product_id":"P40","product_category":"sweets","purchase_count":44}
{"loyalty_score":3,"product_id":"P04","product_category":"house","purchase_count":44}
{"loyalty_score":3,"product_id":"P39","product_category":"sweets","purchase_count":44}
{"loyalty_score":3,"product_id":"P38","product_category":"sweets","purchase_count":44}
{"loyalty_score":3,"product_id":"P07","product_category":"house","purchase_count":44}
{"loyalty_score":3,"product_id":"P02","product_category":"house","purchase_count":44}
{"loyalty_score":3,"product_id":"P01","product_category":"house","purchase_count":44}
{"loyalty_score":3,"product_id":"P58","product_category":"food","purchase_count":44}
{"loyalty_score":3,"product_id":"P47","product_category":"food","purchase_count":44}
{"loyalty_score":3,"product_id":"P25","product_category":"fruit_veg","purchase_count":44}
{"loyalty_score":3,"product_id":"P30","product_category":"fruit_veg","purchase_count":44}
{"loyalty_score":3,"product_id":"P31","product_category":"fruit_veg","purchase_count":44}
{"loyalty_score":3,"product_id":"P57","product_category":"food","purchase_count":44}
{"loyalty_score":3,"product_id":"P38","product_category":"sweets","purchase_count":44}
{"loyalty_score":3,"product_id":"P37","product_category":"sweets","purchase_count":44}
{"loyalty_score":3,"product_id":"P36","product_category":"sweets","purchase_count":44}
{"loyalty_score":3,"product_id":"P55","product_category":"food","purchase_count":44}
{"loyalty_score":3,"product_id":"P09","product_category":"house","purchase_count":44}
{"loyalty_score":3,"product_id":"P03","product_category":"house","purchase_count":44}
{"loyalty_score":3,"product_id":"P08","product_category":"house","purchase_count":44}
{"loyalty_score":3,"product_id":"P12","product_category":"house","purchase_count":44}
{"loyalty_score":3,"product_id":"P41","product_category":"food","purchase_count":44}
{"loyalty_score":3,"product_id":"P48","product_category":"food","purchase_count":44}
{"loyalty_score":3,"product_id":"P58","product_category":"food","purchase_count":44}
{"loyalty_score":3,"product_id":"P38","product_category":"sweets","purchase_count":44}
{"loyalty_score":3,"product_id":"P36","product_category":"sweets","purchase_count":44}
{"loyalty_score":3,"product_id":"P38","product_category":"sweets","purchase_count":44}
