{"loyalty_score":8,"product_id":"P52","product_category":"food","purchase_count":41}
{"loyalty_score":8,"product_id":"P58","product_category":"food","purchase_count":41}
{"loyalty_score":8,"product_id":"P54","product_category":"food","purchase_count":41}
{"loyalty_score":8,"product_id":"P25","product_category":"fruit_veg","purchase_count":41}
{"loyalty_score":8,"product_id":"P51","product_category":"food","purchase_count":41}
{"loyalty_score":8,"product_id":"P57","product_category":"food","purchase_count":41}
{"loyalty_score":8,"product_id":"P52","product_category":"food","purchase_count":41}
{"loyalty_score":8,"product_id":"P39","product_category":"sweets","purchase_count":41}
{"loyalty_score":8,"product_id":"P38","product_category":"sweets","purchase_count":41}
{"loyalty_score":8,"product_id":"P36","product_category":"sweets","purchase_count":41}
{"loyalty_score":8,"product_id":"P55","product_category":"food","purchase_count":41}
{"loyalty_score":8,"product_id":"P30","product_category":"fruit_veg","purchase_count":41}
{"loyalty_score":8,"product_id":"P25","product_category":"fruit_veg","purchase_count":41}
{"loyalty_score":8,"product_id":"P34","product_category":"fruit_veg","purchase_count":41}
{"loyalty_score":8,"product_id":"P38","product_category":"sweets","purchase_count":41}
{"loyalty_score":8,"product_id":"P38","product_category":"sweets","purchase_count":41}
{"loyalty_score":8,"product_id":"P38","product_category":"sweets","purchase_count":41}
{"loyalty_score":8,"product_id":"P34","product_category":"fruit_veg","purchase_count":41}
{"loyalty_score":8,"product_id":"P25","product_category":"fruit_veg","purchase_count":41}
{"loyalty_score":8,"product_id":"P47","product_category":"food","purchase_count":41}
{"loyalty_score":8,"product_id":"P54","product_category":"food","purchase_count":41}
{"loyalty_score":8,"product_id":"P23","product_category":"fruit_veg","purchase_count":41}
{"loyalty_score":8,"product_id":"P36","product_category":"sweets","purchase_count":41}
{"loyalty_score":8,"product_id":"P29","product_category":"fruit_veg","purchase_count":41}
{"loyalty_score":8,"product_id":"P23","product_category":"fruit_veg","purchase_count":41}
{"loyalty_score":8,"product_id":"P23","product_category":"fruit_veg","purchase_count":41}
{"loyalty_score":8,"product_id":"P35","product_category":"sweets","purchase_count":41}
{"loyalty_score":8,"product_id":"P38","product_category":"sweets","purchase_count":41}
{"loyalty_score":8,"product_id":"P39","product_category":"sweets","purchase_count":41}
{"loyalty_score":8,"product_id":"P36","product_category":"sweets","purchase_count":41}
{"loyalty_score":8,"product_id":"P60","product_category":"food","purchase_count":41}
{"loyalty_score":8,"product_id":"P60","product_category":"food","purchase_count":41}
{"loyalty_score":8,"product_id":"P52","product_category":"food","purchase_count":41}
{"loyalty_score":8,"product_id":"P52","product_category":"food","purchase_count":41}
{"loyalty_score":8,"product_id":"P55","product_category":"food","purchase_count":41}
{"loyalty_score":8,"product_id":"P49","product_category":"food","purchase_count":41}
{"loyalty_score":8,"product_id":"P36","product_category":"sweets","purchase_count":41}
{"loyalty_score":8,"product_id":"P36","product_category":"sweets","purchase_count":41}
{"loyalty_score":8,"product_id":"P38","product_category":"sweets","purchase_count":41}
{"loyalty_score":8,"product_id":"P38","product_category":"sweets","purchase_count":41}
{"loyalty_score":8,"product_id":"P38","product_category":"sweets","purchase_count":41}
