{"loyalty_score":5,"product_id":"P62","product_category":"bws","purchase_count":49}
{"loyalty_score":5,"product_id":"P63","product_category":"bws","purchase_count":49}
{"loyalty_score":5,"product_id":"P01","product_category":"house","purchase_count":49}
{"loyalty_score":5,"product_id":"P09","product_category":"house","purchase_count":49}
{"loyalty_score":5,"product_id":"P04","product_category":"house","purchase_count":49}
{"loyalty_score":5,"product_id":"P28","product_category":"fruit_veg","purchase_count":49}
{"loyalty_score":5,"product_id":"P24","product_category":"fruit_veg","purchase_count":49}
{"loyalty_score":5,"product_id":"P31","product_category":"fruit_veg","purchase_count":49}
{"loyalty_score":5,"product_id":"P25","product_category":"fruit_veg","purchase_count":49}
{"loyalty_score":5,"product_id":"P32","product_category":"fruit_veg","purchase_count":49}
{"loyalty_score":5,"product_id":"P29","product_category":"fruit_veg","purchase_count":49}
{"loyalty_score":5,"product_id":"P31","product_category":"fruit_veg","purchase_count":49}
{"loyalty_score":5,"product_id":"P29","product_category":"fruit_veg","purchase_count":49}
{"loyalty_score":5,"product_id":"P31","product_category":"fruit_veg","purchase_count":49}
{"loyalty_score":5,"product_id":"P61","product_category":"bws","purchase_count":49}
{"loyalty_score":5,"product_id":"P64","product_category":"bws","purchase_count":49}
{"loyalty_score":5,"product_id":"P62","product_category":"bws","purchase_count":49}
{"loyalty_score":5,"product_id":"P33","product_category":"fruit_veg","purchase_count":49}
{"loyalty_score":5,"product_id":"P62","product_category":"bws","purchase_count":49}
{"loyalty_score":5,"product_id":"P03","product_category":"house","purchase_count":49}
{"loyalty_score":5,"product_id":"P05","product_category":"house","purchase_count":49}
{"loyalty_score":5,"product_id":"P27","product_category":"fruit_veg","purchase_count":49}
{"loyalty_score":5,"product_id":"P28","product_category":"fruit_veg","purchase_count":49}
{"loyalty_score":5,"product_id":"P23","product_category":"fruit_veg","purchase_count":49}
{"loyalty_score":5,"product_id":"P34","product_category":"fruit_veg","purchase_count":49}
{"loyalty_score":5,"product_id":"P24","product_category":"fruit_veg","purchase_count":49}
{"loyalty_score":5,"product_id":"P31","product_category":"fruit_veg","purchase_count":49}
{"loyalty_score":5,"product_id":"P30","product_category":"fruit_veg","purchase_count":49}
{"loyalty_score":5,"product_id":"P27","product_category":"fruit_veg","purchase_count":49}
{"loyalty_score":5,"product_id":"P27","product_category":"fruit_veg","purchase_count":49}
{"loyalty_score":5,"product_id":"P23","product_category":"fruit_veg","purchase_count":49}
{"loyalty_score":5,"product_id":"P23","product_category":"fruit_veg","purchase_count":49}
{"loyalty_score":5,"product_id":"P25","product_category":"fruit_veg","purchase_count":49}
{"loyalty_score":5,"product_id":"P31","product_category":"fruit_veg","purchase_count":49}
{"loyalty_score":5,"product_id":"P02","product_category":"house","purchase_count":49}
{"loyalty_score":5,"product_id":"P05","product_category":"house","purchase_count":49}
{"loyalty_score":5,"product_id":"P02","product_category":"house","purchase_count":49}
{"loyalty_score":5,"product_id":"P01","product_category":"house","purchase_count":49}
{"loyalty_score":5,"product_id":"P09","product_category":"house","purchase_count":49}
{"loyalty_score":5,"product_id":"P12","product_category":"house","purchase_count":49}
{"loyalty_score":5,"product_id":"P28","product_category":"fruit_veg","purchase_count":49}
{"loyalty_score":5,"product_id":"P24","product_category":"fruit_veg","purchase_count":49}
{"loyalty_score":5,"product_id":"P28","product_category":"fruit_veg","purchase_count":49}
{"loyalty_score":5,"product_id":"P23","product_category":"fruit_veg","purchase_count":49}
{"loyalty_score":5,"product_id":"P09","product_category":"house","purchase_count":49}
{"loyalty_score":5,"product_id":"P11","product_category":"house","purchase_count":49}
{"loyalty_score":5,"product_id":"P23","product_category":"fruit_veg","purchase_count":49}
{"loyalty_score":5,"product_id":"P28","product_category":"fruit_veg","purchase_count":49}
{"loyalty_score":5,"product_id":"P33","product_category":"fruit_veg","purchase_count":49}
