{"loyalty_score":3,"product_id":"P25","product_category":"fruit_veg","purchase_count":13}
{"loyalty_score":3,"product_id":"P28","product_category":"fruit_veg","purchase_count":13}
{"loyalty_score":3,"product_id":"P28","product_category":"fruit_veg","purchase_count":13}
{"loyalty_score":3,"product_id":"P52","product_category":"food","purchase_count":13}
{"loyalty_score":3,"product_id":"P51","product_category":"food","purchase_count":13}
{"loyalty_score":3,"product_id":"P44","product_category":"food","purchase_count":13}
{"loyalty_score":3,"product_id":"P25","product_category":"fruit_veg","purchase_count":13}
{"loyalty_score":3,"product_id":"P24","product_category":"fruit_veg","purchase_count":13}
{"loyalty_score":3,"product_id":"P50","product_category":"food","purchase_count":13}
{"loyalty_score":3,"product_id":"P58","product_category":"food","purchase_count":13}
{"loyalty_score":3,"product_id":"P30","product_category":"fruit_veg","purchase_count":13}
{"loyalty_score":3,"product_id":"P34","product_category":"fruit_veg","purchase_count":13}
{"loyalty_score":3,"product_id":"P25","product_category":"fruit_veg","purchase_count":13}
