{"loyalty_score":2,"product_id":"P01","product_category":"house","purchase_count":23}
{"loyalty_score":2,"product_id":"P07","product_category":"house","purchase_count":23}
{"loyalty_score":2,"product_id":"P03","product_category":"house","purchase_count":23}
{"loyalty_score":2,"product_id":"P07","product_category":"house","purchase_count":23}
{"loyalty_score":2,"product_id":"P02","product_category":"house","purchase_count":23}
{"loyalty_score":2,"product_id":"P54","product_category":"food","purchase_count":23}
{"loyalty_score":2,"product_id":"P54","product_category":"food","purchase_count":23}
{"loyalty_score":2,"product_id":"P42","product_category":"food","purchase_count":23}
{"loyalty_score":2,"product_id":"P05","product_category":"house","purchase_count":23}
{"loyalty_score":2,"product_id":"P11","product_category":"house","purchase_count":23}
{"loyalty_score":2,"product_id":"P09","product_category":"house","purchase_count":23}
{"loyalty_score":2,"product_id":"P11","product_category":"house","purchase_count":23}
{"loyalty_score":2,"product_id":"P10","product_category":"house","purchase_count":23}
{"loyalty_score":2,"product_id":"P44","product_category":"food","purchase_count":23}
{"loyalty_score":2,"product_id":"P11","product_category":"house","purchase_count":23}
{"loyalty_score":2,"product_id":"P09","product_category":"house","purchase_count":23}
{"loyalty_score":2,"product_id":"P09","product_category":"house","purchase_count":23}
{"loyalty_score":2,"product_id":"P12","product_category":"house","purchase_count":23}
{"loyalty_score":2,"product_id":"P01","product_category":"house","purchase_count":23}
{"loyalty_score":2,"product_id":"P10","product_category":"house","purchase_count":23}
{"loyalty_score":2,"product_id":"P57","product_category":"food","purchase_count":23}
{"loyalty_score":2,"product_id":"P55","product_category":"food","purchase_count":23}
{"loyalty_score":2,"product_id":"P48","product_category":"food","purchase_count":23}
