{"loyalty_score":1,"product_id":"P59","product_category":"food","purchase_count":41}
{"loyalty_score":1,"product_id":"P43","product_category":"food","purchase_count":41}
{"loyalty_score":1,"product_id":"P41","product_category":"food","purchase_count":41}
{"loyalty_score":1,"product_id":"P34","product_category":"fruit_veg","purchase_count":41}
{"loyalty_score":1,"product_id":"P33","product_category":"fruit_veg","purchase_count":41}
{"loyalty_score":1,"product_id":"P57","product_category":"food","purchase_count":41}
{"loyalty_score":1,"product_id":"P58","product_category":"food","purchase_count":41}
{"loyalty_score":1,"product_id":"P58","product_category":"food","purchase_count":41}
{"loyalty_score":1,"product_id":"P11","product_category":"house","purchase_count":41}
{"loyalty_score":1,"product_id":"P04","product_category":"house","purchase_count":41}
{"loyalty_score":1,"product_id":"P48","product_category":"food","purchase_count":41}
{"loyalty_score":1,"product_id":"P24","product_category":"fruit_veg","purchase_count":41}
{"loyalty_score":1,"product_id":"P24","product_category":"fruit_veg","purchase_count":41}
{"loyalty_score":1,"product_id":"P29","product_category":"fruit_veg","purchase_count":41}
{"loyalty_score":1,"product_id":"P33","product_category":"fruit_veg","purchase_count":41}
{"loyalty_score":1,"product_id":"P12","product_category":"house","purchase_count":41}
{"loyalty_score":1,"product_id":"P31","product_category":"fruit_veg","purchase_count":41}
{"loyalty_score":1,"product_id":"P29","product_category":"fruit_veg","purchase_count":41}
{"loyalty_score":1,"product_id":"P09","product_category":"house","purchase_count":41}
{"loyalty_score":1,"product_id":"P04","product_category":"house","purchase_count":41}
{"loyalty_score":1,"product_id":"P29","product_category":"fruit_veg","purchase_count":41}
{"loyalty_score":1,"product_id":"P25","product_category":"fruit_veg","purchase_count":41}
{"loyalty_score":1,"product_id":"P33","product_category":"fruit_veg","purchase_count":41}
{"loyalty_score":1,"product_id":"P03","product_category":"house","purchase_count":41}
{"loyalty_score":1,"product_id":"P02","product_category":"house","purchase_count":41}
{"loyalty_score":1,"product_id":"P10","product_category":"house","purchase_count":41}
{"loyalty_score":1,"product_id":"P28","product_category":"fruit_veg","purchase_count":41}
{"loyalty_score":1,"product_id":"P31","product_category":"fruit_veg","purchase_count":41}
{"loyalty_score":1,"product_id":"P29","product_category":"fruit_veg","purchase_count":41}
{"loyalty_score":1,"product_id":"P22","product_category":"fruit_veg","purchase_count":41}
{"loyalty_score":1,"product_id":"P25","product_category":"fruit_veg","purchase_count":41}
{"loyalty_score":1,"product_id":"P47","product_category":"food","purchase_count":41}
{"loyalty_score":1,"product_id":"P58","product_category":"food","purchase_count":41}
{"loyalty_score":1,"product_id":"P56","product_category":"food","purchase_count":41}
{"loyalty_score":1,"product_id":"P27","product_category":"fruit_veg","purchase_count":41}
{"loyalty_score":1,"product_id":"P25","product_category":"fruit_veg","purchase_count":41}
{"loyalty_score":1,"product_id":"P23","product_category":"fruit_veg","purchase_count":41}
{"loyalty_score":1,"product_id":"P34","product_category":"fruit_veg","purchase_count":41}
{"loyalty_score":1,"product_id":"P42","product_category":"food","purchase_count":41}
{"loyalty_score":1,"product_id":"P43","product_category":"food","purchase_count":41}
{"loyalty_score":1,"product_id":"P43","product_category":"food","purchase_count":41}
