{"customer_id": "C9", "basket": [{"product_id": "P28", "price": 1590}], "date_of_purchase": "2018-12-08 12:04:00"}
{"customer_id": "C10", "basket": [{"product_id": "P09", "price": 1409}, {"product_id": "P11", "price": 706}, {"product_id": "P11", "price": 482}], "date_of_purchase": "2018-12-08 02:57:00"}
{"customer_id": "C11", "basket": [{"product_id": "P42", "price": 1264}, {"product_id": "P45", "price": 109}, {"product_id": "P54", "price": 1661}], "date_of_purchase": "2018-12-08 23:31:00"}
{"customer_id": "C13", "basket": [{"product_id": "P50", "price": 1505}, {"product_id": "P50", "price": 1965}, {"product_id": "P50", "price": 210}], "date_of_purchase": "2018-12-08 20:08:00"}
{"customer_id": "C20", "basket": [{"product_id": "P11", "price": 701}], "date_of_purchase": "2018-12-08 17:54:00"}
{"customer_id": "C22", "basket": [{"product_id": "P54", "price": 845}, {"product_id": "P49", "price": 484}], "date_of_purchase": "2018-12-08 04:29:00"}
{"customer_id": "C23", "basket": [{"product_id": "P32", "price": 1024}, {"product_id": "P34", "price": 38}, {"product_id": "P33", "price": 803}], "date_of_purchase": "2018-12-08 05:42:00"}
{"customer_id": "C27", "basket": [{"product_id": "P01", "price": 1884}], "date_of_purchase": "2018-12-08 07:37:00"}
{"customer_id": "C32", "basket": [{"product_id": "P31", "price": 1704}, {"product_id": "P26", "price": 189}], "date_of_purchase": "2018-12-08 15:57:00"}
{"customer_id": "C35", "basket": [{"product_id": "P19", "price": 1307}, {"product_id": "P14", "price": 1038}, {"product_id": "P17", "price": 990}], "date_of_purchase": "2018-12-08 08:07:00"}
{"customer_id": "C69", "basket": [{"product_id": "P36", "price": 1844}, {"product_id": "P39", "price": 308}, {"product_id": "P40", "price": 987}], "date_of_purchase": "2018-12-08 14:57:00"}
{"customer_id": "C70", "basket": [{"product_id": "P46", "price": 1139}], "date_of_purchase": "2018-12-08 19:49:00"}
{"customer_id": "C76", "basket": [{"product_id": "P64", "price": 1588}, {"product_id": "P61", "price": 394}], "date_of_purchase": "2018-12-08 09:52:00"}
{"customer_id": "C87", "basket": [{"product_id": "P48", "price": 1172}, {"product_id": "P60", "price": 1719}], "date_of_purchase": "2018-12-08 15:24:00"}
{"customer_id": "C92", "basket": [{"product_id": "P04", "price": 605}], "date_of_purchase": "2018-12-08 07:32:00"}
{"customer_id": "C97", "basket": [{"product_id": "P63", "price": 591}], "date_of_purchase": "2018-12-08 22:49:00"}
{"customer_id": "C103", "basket": [{"product_id": "P63", "price": 1401}], "date_of_purchase": "2018-12-08 19:51:00"}
{"customer_id": "C104", "basket": [{"product_id": "P10", "price": 509}, {"product_id": "P03", "price": 933}], "date_of_purchase": "2018-12-08 15:02:00"}
{"customer_id": "C109", "basket": [{"product_id": "P04", "price": 1960}], "date_of_purchase": "2018-12-08 11:00:00"}
{"customer_id": "C111", "basket": [{"product_id": "P24", "price": 655}], "date_of_purchase": "2018-12-08 23:34:00"}
{"customer_id": "C114", "basket": [{"product_id": "P50", "price": 145}], "date_of_purchase": "2018-12-08 13:42:00"}
{"customer_id": "C117", "basket": [{"product_id": "P24", "price": 225}], "date_of_purchase": "2018-12-08 14:37:00"}
{"customer_id": "C119", "basket": [{"product_id": "P61", "price": 1921}], "date_of_purchase": "2018-12-08 17:37:00"}
{"customer_id": "C125", "basket": [{"product_id": "P63", "price": 1815}, {"product_id": "P63", "price": 622}, {"product_id": "P64", "price": 463}], "date_of_purchase": "2018-12-08 23:23:00"}
{"customer_id": "C136", "basket": [{"product_id": "P04", "price": 1552}], "date_of_purchase": "2018-12-08 22:56:00"}
