{"customer_id": "C3", "basket": [{"product_id": "P41", "price": 903}, {"product_id": "P45", "price": 1620}], "date_of_purchase": "2019-02-07 14:15:00"}
{"customer_id": "C6", "basket": [{"product_id": "P17", "price": 697}, {"product_id": "P14", "price": 136}], "date_of_purchase": "2019-02-07 06:00:00"}
{"customer_id": "C17", "basket": [{"product_id": "P45", "price": 1678}, {"product_id": "P42", "price": 816}, {"product_id": "P59", "price": 209}], "date_of_purchase": "2019-02-07 18:17:00"}
{"customer_id": "C20", "basket": [{"product_id": "P37", "price": 899}, {"product_id": "P36", "price": 441}], "date_of_purchase": "2019-02-07 17:27:00"}
{"customer_id": "C27", "basket": [{"product_id": "P54", "price": 457}, {"product_id": "P43", "price": 401}, {"product_id": "P46", "price": 844}], "date_of_purchase": "2019-02-07 12:44:00"}
{"customer_id": "C29", "basket": [{"product_id": "P42", "price": 1365}, {"product_id": "P52", "price": 1555}], "date_of_purchase": "2019-02-07 11:24:00"}
{"customer_id": "C32", "basket": [{"product_id": "P19", "price": 608}, {"product_id": "P18", "price": 200}, {"product_id": "P13", "price": 1944}], "date_of_purchase": "2019-02-07 16:53:00"}
{"customer_id": "C33", "basket": [{"product_id": "P56", "price": 1957}, {"product_id": "P50", "price": 756}], "date_of_purchase": "2019-02-07 14:21:00"}
{"customer_id": "C37", "basket": [{"product_id": "P22", "price": 1098}, {"product_id": "P29", "price": 608}, {"product_id": "P31", "price": 245}], "date_of_purchase": "2019-02-07 08:08:00"}
{"customer_id": "C48", "basket": [{"product_id": "P25", "price": 1412}], "date_of_purchase": "2019-02-07 09:06:00"}
{"customer_id": "C56", "basket": [{"product_id": "P34", "price": 1857}, {"product_id": "P32", "price": 1594}], "date_of_purchase": "2019-02-07 23:46:00"}
{"customer_id": "C63", "basket": [{"product_id": "P33", "price": 426}, {"product_id": "P26", "price": 1538}, {"product_id": "P30", "price": 588}], "date_of_purchase": "2019-02-07 22:34:00"}
{"customer_id": "C69", "basket": [{"product_id": "P31", "price": 680}, {"product_id": "P32", "price": 945}], "date_of_purchase": "2019-02-07 08:06:00"}
{"customer_id": "C73", "basket": [{"product_id": "P57", "price": 324}], "date_of_purchase": "2019-02-07 14:42:00"}
{"customer_id": "C74", "basket": [{"product_id": "P01", "price": 350}, {"product_id": "P05", "price": 1744}, {"product_id": "P09", "price": 1557}], "date_of_purchase": "2019-02-07 07:16:00"}
{"customer_id": "C75", "basket": [{"product_id": "P24", "price": 1647}], "date_of_purchase": "2019-02-07 07:17:00"}
{"customer_id": "C77", "basket": [{"product_id": "P02", "price": 575}], "date_of_purchase": "2019-02-07 06:23:00"}
{"customer_id": "C78", "basket": [{"product_id": "P30", "price": 863}], "date_of_purchase": "2019-02-07 18:05:00"}
{"customer_id": "C84", "basket": [{"product_id": "P28", "price": 859}], "date_of_purchase": "2019-02-07 18:32:00"}
{"customer_id": "C86", "basket": [{"product_id": "P38", "price": 797}], "date_of_purchase": "2019-02-07 08:58:00"}
{"customer_id": "C91", "basket": [{"product_id": "P19", "price": 1433}, {"product_id": "P20", "price": 1777}], "date_of_purchase": "2019-02-07 09:46:00"}
{"customer_id": "C114", "basket": [{"product_id": "P60", "price": 571}], "date_of_purchase": "2019-02-07 23:37:00"}
{"customer_id": "C116", "basket": [{"product_id": "P09", "price": 1586}], "date_of_purchase": "2019-02-07 21:48:00"}
{"customer_id": "C123", "basket": [{"product_id": "P31", "price": 1359}], "date_of_purchase": "2019-02-07 12:55:00"}
{"customer_id": "C128", "basket": [{"product_id": "P49", "price": 624}, {"product_id": "P55", "price": 1597}, {"product_id": "P58", "price": 776}], "date_of_purchase": "2019-02-07 23:52:00"}
{"customer_id": "C130", "basket": [{"product_id": "P51", "price": 86}], "date_of_purchase": "2019-02-07 15:43:00"}
{"customer_id": "C137", "basket": [{"product_id": "P43", "price": 75}], "date_of_purchase": "2019-02-07 16:14:00"}
