{"customer_id": "C5", "basket": [{"product_id": "P25", "price": 905}, {"product_id": "P23", "price": 1097}], "date_of_purchase": "2018-12-13 16:24:00"}
{"customer_id": "C9", "basket": [{"product_id": "P52", "price": 490}, {"product_id": "P51", "price": 1800}], "date_of_purchase": "2018-12-13 11:14:00"}
{"customer_id": "C12", "basket": [{"product_id": "P58", "price": 257}, {"product_id": "P50", "price": 53}], "date_of_purchase": "2018-12-13 23:57:00"}
{"customer_id": "C16", "basket": [{"product_id": "P05", "price": 104}, {"product_id": "P04", "price": 162}, {"product_id": "P08", "price": 1657}], "date_of_purchase": "2018-12-13 22:25:00"}
{"customer_id": "C19", "basket": [{"product_id": "P35", "price": 1644}], "date_of_purchase": "2018-12-13 18:34:00"}
{"customer_id": "C20", "basket": [{"product_id": "P36", "price": 375}, {"product_id": "P37", "price": 1651}], "date_of_purchase": "2018-12-13 10:08:00"}
{"customer_id": "C36", "basket": [{"product_id": "P36", "price": 532}], "date_of_purchase": "2018-12-13 10:47:00"}
{"customer_id": "C39", "basket": [{"product_id": "P31", "price": 1064}, {"product_id": "P24", "price": 816}], "date_of_purchase": "2018-12-13 09:05:00"}
{"customer_id": "C45", "basket": [{"product_id": "P36", "price": 152}, {"product_id": "P39", "price": 1040}, {"product_id": "P36", "price": 1240}], "date_of_purchase": "2018-12-13 04:45:00"}
{"customer_id": "C47", "basket": [{"product_id": "P48", "price": 464}, {"product_id": "P55", "price": 1062}, {"product_id": "P57", "price": 1209}], "date_of_purchase": "2018-12-13 03:24:00"}
{"customer_id": "C57", "basket": [{"product_id": "P62", "price": 54}, {"product_id": "P62", "price": 173}], "date_of_purchase": "2018-12-13 17:53:00"}
{"customer_id": "C67", "basket": [{"product_id": "P04", "price": 383}], "date_of_purchase": "2018-12-13 08:37:00"}
{"customer_id": "C69", "basket": [{"product_id": "P30", "price": 613}], "date_of_purchase": "2018-12-13 08:54:00"}
{"customer_id": "C72", "basket": [{"product_id": "P64", "price": 670}, {"product_id": "P62", "price": 1009}], "date_of_purchase": "2018-12-13 04:23:00"}
{"customer_id": "C76", "basket": [{"product_id": "P39", "price": 117}, {"product_id": "P37", "price": 1472}], "date_of_purchase": "2018-12-13 17:29:00"}
{"customer_id": "C79", "basket": [{"product_id": "P57", "price": 1906}, {"product_id": "P49", "price": 1370}, {"product_id": "P50", "price": 539}], "date_of_purchase": "2018-12-13 20:07:00"}
{"customer_id": "C80", "basket": [{"product_id": "P64", "price": 291}, {"product_id": "P63", "price": 838}, {"product_id": "P63", "price": 461}], "date_of_purchase": "2018-12-13 06:48:00"}
{"customer_id": "C89", "basket": [{"product_id": "P04", "price": 672}, {"product_id": "P12", "price": 1986}], "date_of_purchase": "2018-12-13 03:44:00"}
{"customer_id": "C90", "basket": [{"product_id": "P02", "price": 369}, {"product_id": "P06", "price": 497}, {"product_id": "P05", "price": 309}], "date_of_purchase": "2018-12-13 09:58:00"}
{"customer_id": "C91", "basket": [{"product_id": "P16", "price": 1347}, {"product_id": "P13", "price": 819}], "date_of_purchase": "2018-12-13 16:16:00"}
{"customer_id": "C99", "basket": [{"product_id": "P38", "price": 371}, {"product_id": "P35", "price": 1965}], "date_of_purchase": "2018-12-13 14:46:00"}
{"customer_id": "C102", "basket": [{"product_id": "P24", "price": 501}, {"product_id": "P31", "price": 1582}, {"product_id": "P28", "price": 243}], "date_of_purchase": "2018-12-13 12:15:00"}
{"customer_id": "C103", "basket": [{"product_id": "P40", "price": 836}], "date_of_purchase": "2018-12-13 07:32:00"}
{"customer_id": "C106", "basket": [{"product_id": "P58", "price": 807}, {"product_id": "P43", "price": 1206}, {"product_id": "P50", "price": 1197}], "date_of_purchase": "2018-12-13 07:45:00"}
{"customer_id": "C108", "basket": [{"product_id": "P09", "price": 1225}, {"product_id": "P12", "price": 1601}, {"product_id": "P05", "price": 243}], "date_of_purchase": "2018-12-13 11:54:00"}
{"customer_id": "C115", "basket": [{"product_id": "P11", "price": 1871}], "date_of_purchase": "2018-12-13 08:44:00"}
{"customer_id": "C128", "basket": [{"product_id": "P58", "price": 1899}], "date_of_purchase": "2018-12-13 08:16:00"}
{"customer_id": "C131", "basket": [{"product_id": "P24", "price": 1533}], "date_of_purchase": "2018-12-13 14:57:00"}
{"customer_id": "C132", "basket": [{"product_id": "P62", "price": 1818}], "date_of_purchase": "2018-12-13 10:57:00"}
{"customer_id": "C134", "basket": [{"product_id": "P62", "price": 526}], "date_of_purchase": "2018-12-13 21:41:00"}
