{"loyalty_score":4,"product_id":"P30","product_category":"fruit_veg","purchase_count":17}
{"loyalty_score":4,"product_id":"P13","product_category":"clothes","purchase_count":17}
{"loyalty_score":4,"product_id":"P26","product_category":"fruit_veg","purchase_count":17}
{"loyalty_score":4,"product_id":"P22","product_category":"fruit_veg","purchase_count":17}
{"loyalty_score":4,"product_id":"P28","product_category":"fruit_veg","purchase_count":17}
{"loyalty_score":4,"product_id":"P28","product_category":"fruit_veg","purchase_count":17}
{"loyalty_score":4,"product_id":"P22","product_category":"fruit_veg","purchase_count":17}
{"loyalty_score":4,"product_id":"P27","product_category":"fruit_veg","purchase_count":17}
{"loyalty_score":4,"product_id":"P27","product_category":"fruit_veg","purchase_count":17}
{"loyalty_score":4,"product_id":"P32","product_category":"fruit_veg","purchase_count":17}
{"loyalty_score":4,"product_id":"P22","product_category":"fruit_veg","purchase_count":17}
{"loyalty_score":4,"product_id":"P21","product_category":"clothes","purchase_count":17}
{"loyalty_score":4,"product_id":"P13","product_category":"clothes","purchase_count":17}
{"loyalty_score":4,"product_id":"P20","product_category":"clothes","purchase_count":17}
{"loyalty_score":4,"product_id":"P13","product_category":"clothes","purchase_count":17}
{"loyalty_score":4,"product_id":"P24","product_category":"fruit_veg","purchase_count":17}
{"loyalty_score":4,"product_id":"P17","product_category":"clothes","purchase_count":17}
