{"loyalty_score":6,"product_id":"P17","product_category":"clothes","purchase_count":12}
{"loyalty_score":6,"product_id":"P14","product_category":"clothes","purchase_count":12}
{"loyalty_score":6,"product_id":"P20","product_category":"clothes","purchase_count":12}
{"loyalty_score":6,"product_id":"P39","product_category":"sweets","purchase_count":12}
{"loyalty_score":6,"product_id":"P39","product_category":"sweets","purchase_count":12}
{"loyalty_score":6,"product_id":"P35","product_category":"sweets","purchase_count":12}
{"loyalty_score":6,"product_id":"P10","product_category":"house","purchase_count":12}
{"loyalty_score":6,"product_id":"P10","product_category":"house","purchase_count":12}
{"loyalty_score":6,"product_id":"P18","product_category":"clothes","purchase_count":12}
{"loyalty_score":6,"product_id":"P40","product_category":"sweets","purchase_count":12}
{"loyalty_score":6,"product_id":"P36","product_category":"sweets","purchase_count":12}
{"loyalty_score":6,"product_id":"P39","product_category":"sweets","purchase_count":12}
