{"loyalty_score":5,"product_id":"P02","product_category":"house","purchase_count":36}
{"loyalty_score":5,"product_id":"P03","product_category":"house","purchase_count":36}
{"loyalty_score":5,"product_id":"P03","product_category":"house","purchase_count":36}
{"loyalty_score":5,"product_id":"P04","product_category":"house","purchase_count":36}
{"loyalty_score":5,"product_id":"P41","product_category":"food","purchase_count":36}
{"loyalty_score":5,"product_id":"P51","product_category":"food","purchase_count":36}
{"loyalty_score":5,"product_id":"P03","product_category":"house","purchase_count":36}
{"loyalty_score":5,"product_id":"P08","product_category":"house","purchase_count":36}
{"loyalty_score":5,"product_id":"P05","product_category":"house","purchase_count":36}
{"loyalty_score":5,"product_id":"P03","product_category":"house","purchase_count":36}
{"loyalty_score":5,"product_id":"P43","product_category":"food","purchase_count":36}
{"loyalty_score":5,"product_id":"P41","product_category":"food","purchase_count":36}
{"loyalty_score":5,"product_id":"P60","product_category":"food","purchase_count":36}
{"loyalty_score":5,"product_id":"P58","product_category":"food","purchase_count":36}
{"loyalty_score":5,"product_id":"P55","product_category":"food","purchase_count":36}
{"loyalty_score":5,"product_id":"P49","product_category":"food","purchase_count":36}
{"loyalty_score":5,"product_id":"P24","product_category":"fruit_veg","purchase_count":36}
{"loyalty_score":5,"product_id":"P07","product_category":"house","purchase_count":36}
{"loyalty_score":5,"product_id":"P07","product_category":"house","purchase_count":36}
{"loyalty_score":5,"product_id":"P11","product_category":"house","purchase_count":36}
{"loyalty_score":5,"product_id":"P08","product_category":"house","purchase_count":36}
{"loyalty_score":5,"product_id":"P05","product_category":"house","purchase_count":36}
{"loyalty_score":5,"product_id":"P48","product_category":"food","purchase_count":36}
{"loyalty_score":5,"product_id":"P43","product_category":"food","purchase_count":36}
{"loyalty_score":5,"product_id":"P46","product_category":"food","purchase_count":36}
{"loyalty_score":5,"product_id":"P43","product_category":"food","purchase_count":36}
{"loyalty_score":5,"product_id":"P48","product_category":"food","purchase_count":36}
{"loyalty_score":5,"product_id":"P11","product_category":"house","purchase_count":36}
{"loyalty_score":5,"product_id":"P12","product_category":"house","purchase_count":36}
{"loyalty_score":5,"product_id":"P08","product_category":"house","purchase_count":36}
{"loyalty_score":5,"product_id":"P01","product_category":"house","purchase_count":36}
{"loyalty_score":5,"product_id":"P02","product_category":"house","purchase_count":36}
{"loyalty_score":5,"product_id":"P58","product_category":"food","purchase_count":36}
{"loyalty_score":5,"product_id":"P22","product_category":"fruit_veg","purchase_count":36}
{"loyalty_score":5,"product_id":"P25","product_category":"fruit_veg","purchase_count":36}
{"loyalty_score":5,"product_id":"P27","product_category":"fruit_veg","purchase_count":36}
