{"loyalty_score":10,"product_id":"P62","product_category":"bws","purchase_count":26}
{"loyalty_score":10,"product_id":"P08","product_category":"house","purchase_count":26}
{"loyalty_score":10,"product_id":"P03","product_category":"house","purchase_count":26}
{"loyalty_score":10,"product_id":"P08","product_category":"house","purchase_count":26}
{"loyalty_score":10,"product_id":"P61","product_category":"bws","purchase_count":26}
{"loyalty_score":10,"product_id":"P62","product_category":"bws","purchase_count":26}
{"loyalty_score":10,"product_id":"P61","product_category":"bws","purchase_count":26}
{"loyalty_score":10,"product_id":"P03","product_category":"house","purchase_count":26}
{"loyalty_score":10,"product_id":"P11","product_category":"house","purchase_count":26}
{"loyalty_score":10,"product_id":"P01","product_category":"house","purchase_count":26}
{"loyalty_score":10,"product_id":"P35","product_category":"sweets","purchase_count":26}
{"loyalty_score":10,"product_id":"P39","product_category":"sweets","purchase_count":26}
{"loyalty_score":10,"product_id":"P38","product_category":"sweets","purchase_count":26}
{"loyalty_score":10,"product_id":"P60","product_category":"food","purchase_count":26}
{"loyalty_score":10,"product_id":"P46","product_category":"food","purchase_count":26}
{"loyalty_score":10,"product_id":"P43","product_category":"food","purchase_count":26}
{"loyalty_score":10,"product_id":"P54","product_category":"food","purchase_count":26}
{"loyalty_score":10,"product_id":"P62","product_category":"bws","purchase_count":26}
{"loyalty_score":10,"product_id":"P62","product_category":"bws","purchase_count":26}
{"loyalty_score":10,"product_id":"P64","product_category":"bws","purchase_count":26}
{"loyalty_score":10,"product_id":"P62","product_category":"bws","purchase_count":26}
{"loyalty_score":10,"product_id":"P61","product_category":"bws","purchase_count":26}
{"loyalty_score":10,"product_id":"P09","product_category":"house","purchase_count":26}
{"loyalty_score":10,"product_id":"P11","product_category":"house","purchase_count":26}
{"loyalty_score":10,"product_id":"P55","product_category":"food","purchase_count":26}
{"loyalty_score":10,"product_id":"P56","product_category":"food","purchase_count":26}
