{"loyalty_score":7,"product_id":"P27","product_category":"fruit_veg","purchase_count":17}
{"loyalty_score":7,"product_id":"P28","product_category":"fruit_veg","purchase_count":17}
{"loyalty_score":7,"product_id":"P26","product_category":"fruit_veg","purchase_count":17}
{"loyalty_score":7,"product_id":"P07","product_category":"house","purchase_count":17}
{"loyalty_score":7,"product_id":"P33","product_category":"fruit_veg","purchase_count":17}
{"loyalty_score":7,"product_id":"P27","product_category":"fruit_veg","purchase_count":17}
{"loyalty_score":7,"product_id":"P32","product_category":"fruit_veg","purchase_count":17}
{"loyalty_score":7,"product_id":"P29","product_category":"fruit_veg","purchase_count":17}
{"loyalty_score":7,"product_id":"P27","product_category":"fruit_veg","purchase_count":17}
{"loyalty_score":7,"product_id":"P03","product_category":"house","purchase_count":17}
{"loyalty_score":7,"product_id":"P12","product_category":"house","purchase_count":17}
{"loyalty_score":7,"product_id":"P30","product_category":"fruit_veg","purchase_count":17}
{"loyalty_score":7,"product_id":"P31","product_category":"fruit_veg","purchase_count":17}
{"loyalty_score":7,"product_id":"P10","product_category":"house","purchase_count":17}
{"loyalty_score":7,"product_id":"P08","product_category":"house","purchase_count":17}
{"loyalty_score":7,"product_id":"P11","product_category":"house","purchase_count":17}
{"loyalty_score":7,"product_id":"P10","product_category":"house","purchase_count":17}
