{"loyalty_score":8,"product_id":"P23","product_category":"fruit_veg","purchase_count":42}
{"loyalty_score":8,"product_id":"P34","product_category":"fruit_veg","purchase_count":42}
{"loyalty_score":8,"product_id":"P28","product_category":"fruit_veg","purchase_count":42}
{"loyalty_score":8,"product_id":"P34","product_category":"fruit_veg","purchase_count":42}
{"loyalty_score":8,"product_id":"P01","product_category":"house","purchase_count":42}
{"loyalty_score":8,"product_id":"P08","product_category":"house","purchase_count":42}
{"loyalty_score":8,"product_id":"P08","product_category":"house","purchase_count":42}
{"loyalty_score":8,"product_id":"P54","product_category":"food","purchase_count":42}
{"loyalty_score":8,"product_id":"P42","product_category":"food","purchase_count":42}
{"loyalty_score":8,"product_id":"P23","product_category":"fruit_veg","purchase_count":42}
{"loyalty_score":8,"product_id":"P32","product_category":"fruit_veg","purchase_count":42}
{"loyalty_score":8,"product_id":"P05","product_category":"house","purchase_count":42}
{"loyalty_score":8,"product_id":"P59","product_category":"food","purchase_count":42}
{"loyalty_score":8,"product_id":"P59","product_category":"food","purchase_count":42}
{"loyalty_score":8,"product_id":"P53","product_category":"food","purchase_count":42}
{"loyalty_score":8,"product_id":"P04","product_category":"house","purchase_count":42}
{"loyalty_score":8,"product_id":"P03","product_category":"house","purchase_count":42}
{"loyalty_score":8,"product_id":"P50","product_category":"food","purchase_count":42}
{"loyalty_score":8,"product_id":"P50","product_category":"food","purchase_count":42}
{"loyalty_score":8,"product_id":"P50","product_category":"food","purchase_count":42}
{"loyalty_score":8,"product_id":"P24","product_category":"fruit_veg","purchase_count":42}
{"loyalty_score":8,"product_id":"P31","product_category":"fruit_veg","purchase_count":42}
{"loyalty_score":8,"product_id":"P34","product_category":"fruit_veg","purchase_count":42}
{"loyalty_score":8,"product_id":"P05","product_category":"house","purchase_count":42}
{"loyalty_score":8,"product_id":"P01","product_category":"house","purchase_count":42}
{"loyalty_score":8,"product_id":"P05","product_category":"house","purchase_count":42}
{"loyalty_score":8,"product_id":"P57","product_category":"food","purchase_count":42}
{"loyalty_score":8,"product_id":"P58","product_category":"food","purchase_count":42}
{"loyalty_score":8,"product_id":"P60","product_category":"food","purchase_count":42}
{"loyalty_score":8,"product_id":"P11","product_category":"house","purchase_count":42}
{"loyalty_score":8,"product_id":"P11","product_category":"house","purchase_count":42}
{"loyalty_score":8,"product_id":"P28","product_category":"fruit_veg","purchase_count":42}
{"loyalty_score":8,"product_id":"P23","product_category":"fruit_veg","purchase_count":42}
{"loyalty_score":8,"product_id":"P10","product_category":"house","purchase_count":42}
{"loyalty_score":8,"product_id":"P60","product_category":"food","purchase_count":42}
{"loyalty_score":8,"product_id":"P42","product_category":"food","purchase_count":42}
{"loyalty_score":8,"product_id":"P47","product_category":"food","purchase_count":42}
{"loyalty_score":8,"product_id":"P29","product_category":"fruit_veg","purchase_count":42}
{"loyalty_score":8,"product_id":"P26","product_category":"fruit_veg","purchase_count":42}
{"loyalty_score":8,"product_id":"P26","product_category":"fruit_veg","purchase_count":42}
{"loyalty_score":8,"product_id":"P59","product_category":"food","purchase_count":42}
{"loyalty_score":8,"product_id":"P53","product_category":"food","purchase_count":42}
