{"customer_id": "C3", "basket": [{"product_id": "P47", "price": 1068}, {"product_id": "P57", "price": 1047}], "date_of_purchase": "2019-02-23 19:58:00"}
{"customer_id": "C10", "basket": [{"product_id": "P29", "price": 1065}, {"product_id": "P23", "price": 648}, {"product_id": "P24", "price": 1569}], "date_of_purchase": "2019-02-23 03:19:00"}
{"customer_id": "C20", "basket": [{"product_id": "P08", "price": 864}], "date_of_purchase": "2019-02-23 18:41:00"}
{"customer_id": "C22", "basket": [{"product_id": "P49", "price": 1095}], "date_of_purchase": "2019-02-23 23:08:00"}
{"customer_id": "C25", "basket": [{"product_id": "P11", "price": 697}, {"product_id": "P10", "price": 1591}, {"product_id": "P11", "price": 1902}], "date_of_purchase": "2019-02-23 11:57:00"}
{"customer_id": "C26", "basket": [{"product_id": "P36", "price": 1010}, {"product_id": "P35", "price": 1680}], "date_of_purchase": "2019-02-23 08:13:00"}
{"customer_id": "C32", "basket": [{"product_id": "P47", "price": 1998}, {"product_id": "P59", "price": 1306}, {"product_id": "P42", "price": 1826}], "date_of_purchase": "2019-02-23 05:35:00"}
{"customer_id": "C35", "basket": [{"product_id": "P15", "price": 329}, {"product_id": "P21", "price": 199}, {"product_id": "P20", "price": 654}], "date_of_purchase": "2019-02-23 14:21:00"}
{"customer_id": "C36", "basket": [{"product_id": "P36", "price": 285}, {"product_id": "P38", "price": 1905}], "date_of_purchase": "2019-02-23 15:04:00"}
{"customer_id": "C38", "basket": [{"product_id": "P10", "price": 480}, {"product_id": "P11", "price": 183}, {"product_id": "P08", "price": 1157}], "date_of_purchase": "2019-02-23 13:27:00"}
{"customer_id": "C48", "basket": [{"product_id": "P24", "price": 1710}, {"product_id": "P34", "price": 216}, {"product_id": "P33", "price": 640}], "date_of_purchase": "2019-02-23 05:22:00"}
{"customer_id": "C50", "basket": [{"product_id": "P38", "price": 1931}, {"product_id": "P38", "price": 1252}], "date_of_purchase": "2019-02-23 14:30:00"}
{"customer_id": "C52", "basket": [{"product_id": "P61", "price": 1942}, {"product_id": "P61", "price": 818}, {"product_id": "P64", "price": 1267}], "date_of_purchase": "2019-02-23 13:18:00"}
{"customer_id": "C53", "basket": [{"product_id": "P01", "price": 1808}], "date_of_purchase": "2019-02-23 15:05:00"}
{"customer_id": "C57", "basket": [{"product_id": "P32", "price": 252}, {"product_id": "P34", "price": 756}], "date_of_purchase": "2019-02-23 06:29:00"}
{"customer_id": "C59", "basket": [{"product_id": "P59", "price": 214}, {"product_id": "P41", "price": 884}, {"product_id": "P57", "price": 931}], "date_of_purchase": "2019-02-23 03:11:00"}
{"customer_id": "C61", "basket": [{"product_id": "P30", "price": 401}, {"product_id": "P32", "price": 994}], "date_of_purchase": "2019-02-23 19:58:00"}
{"customer_id": "C63", "basket": [{"product_id": "P23", "price": 979}, {"product_id": "P28", "price": 306}], "date_of_purchase": "2019-02-23 21:58:00"}
{"customer_id": "C73", "basket": [{"product_id": "P44", "price": 317}, {"product_id": "P41", "price": 1428}], "date_of_purchase": "2019-02-23 15:20:00"}
{"customer_id": "C74", "basket": [{"product_id": "P30", "price": 1722}, {"product_id": "P34", "price": 225}], "date_of_purchase": "2019-02-23 12:16:00"}
{"customer_id": "C75", "basket": [{"product_id": "P59", "price": 1808}], "date_of_purchase": "2019-02-23 16:13:00"}
{"customer_id": "C77", "basket": [{"product_id": "P25", "price": 978}, {"product_id": "P23", "price": 1359}], "date_of_purchase": "2019-02-23 19:21:00"}
{"customer_id": "C89", "basket": [{"product_id": "P33", "price": 657}], "date_of_purchase": "2019-02-23 13:56:00"}
{"customer_id": "C93", "basket": [{"product_id": "P30", "price": 520}, {"product_id": "P26", "price": 748}, {"product_id": "P30", "price": 1190}], "date_of_purchase": "2019-02-23 06:41:00"}
{"customer_id": "C98", "basket": [{"product_id": "P49", "price": 1125}], "date_of_purchase": "2019-02-23 21:18:00"}
{"customer_id": "C101", "basket": [{"product_id": "P22", "price": 4}, {"product_id": "P32", "price": 1716}], "date_of_purchase": "2019-02-23 19:04:00"}
{"customer_id": "C104", "basket": [{"product_id": "P39", "price": 1777}, {"product_id": "P37", "price": 1747}, {"product_id": "P39", "price": 1321}], "date_of_purchase": "2019-02-23 13:52:00"}
{"customer_id": "C108", "basket": [{"product_id": "P60", "price": 58}, {"product_id": "P57", "price": 1745}, {"product_id": "P46", "price": 1062}], "date_of_purchase": "2019-02-23 16:43:00"}
{"customer_id": "C113", "basket": [{"product_id": "P33", "price": 277}, {"product_id": "P28", "price": 343}, {"product_id": "P23", "price": 1503}], "date_of_purchase": "2019-02-23 07:22:00"}
{"customer_id": "C114", "basket": [{"product_id": "P49", "price": 486}, {"product_id": "P42", "price": 1465}], "date_of_purchase": "2019-02-23 16:11:00"}
{"customer_id": "C116", "basket": [{"product_id": "P03", "price": 535}, {"product_id": "P04", "price": 49}], "date_of_purchase": "2019-02-23 15:12:00"}
{"customer_id": "C118", "basket": [{"product_id": "P05", "price": 645}], "date_of_purchase": "2019-02-23 13:16:00"}
{"customer_id": "C125", "basket": [{"product_id": "P61", "price": 1352}, {"product_id": "P64", "price": 1800}, {"product_id": "P63", "price": 637}], "date_of_purchase": "2019-02-23 11:58:00"}
{"customer_id": "C126", "basket": [{"product_id": "P05", "price": 25}, {"product_id": "P08", "price": 45}], "date_of_purchase": "2019-02-23 12:01:00"}
