{"customer_id": "C1", "basket": [{"product_id": "P07", "price": 750}, {"product_id": "P04", "price": 1109}], "date_of_purchase": "2019-02-04 21:40:00"}
{"customer_id": "C8", "basket": [{"product_id": "P40", "price": 1038}, {"product_id": "P36", "price": 1381}, {"product_id": "P36", "price": 868}], "date_of_purchase": "2019-02-04 11:39:00"}
{"customer_id": "C10", "basket": [{"product_id": "P44", "price": 1990}], "date_of_purchase": "2019-02-04 05:37:00"}
{"customer_id": "C13", "basket": [{"product_id": "P11", "price": 1971}, {"product_id": "P11", "price": 568}], "date_of_purchase": "2019-02-04 02:57:00"}
{"customer_id": "C18", "basket": [{"product_id": "P14", "price": 489}, {"product_id": "P17", "price": 95}, {"product_id": "P21", "price": 192}], "date_of_purchase": "2019-02-04 04:16:00"}
{"customer_id": "C26", "basket": [{"product_id": "P37", "price": 1395}, {"product_id": "P35", "price": 634}, {"product_id": "P37", "price": 1535}], "date_of_purchase": "2019-02-04 13:55:00"}
{"customer_id": "C30", "basket": [{"product_id": "P23", "price": 1239}, {"product_id": "P29", "price": 579}], "date_of_purchase": "2019-02-04 21:13:00"}
{"customer_id": "C34", "basket": [{"product_id": "P47", "price": 901}, {"product_id": "P58", "price": 1151}], "date_of_purchase": "2019-02-04 05:48:00"}
{"customer_id": "C35", "basket": [{"product_id": "P18", "price": 1009}, {"product_id": "P14", "price": 693}, {"product_id": "P16", "price": 1682}], "date_of_purchase": "2019-02-04 06:04:00"}
{"customer_id": "C43", "basket": [{"product_id": "P39", "price": 1489}], "date_of_purchase": "2019-02-04 23:31:00"}
{"customer_id": "C48", "basket": [{"product_id": "P32", "price": 1853}], "date_of_purchase": "2019-02-04 10:24:00"}
{"customer_id": "C51", "basket": [{"product_id": "P38", "price": 1335}, {"product_id": "P39", "price": 1311}, {"product_id": "P40", "price": 140}], "date_of_purchase": "2019-02-04 13:38:00"}
{"customer_id": "C54", "basket": [{"product_id": "P22", "price": 1470}, {"product_id": "P25", "price": 876}], "date_of_purchase": "2019-02-04 14:27:00"}
{"customer_id": "C55", "basket": [{"product_id": "P53", "price": 1884}], "date_of_purchase": "2019-02-04 11:25:00"}
{"customer_id": "C57", "basket": [{"product_id": "P63", "price": 430}, {"product_id": "P61", "price": 1277}], "date_of_purchase": "2019-02-04 18:26:00"}
{"customer_id": "C63", "basket": [{"product_id": "P42", "price": 1350}, {"product_id": "P50", "price": 225}, {"product_id": "P46", "price": 1770}], "date_of_purchase": "2019-02-04 20:38:00"}
{"customer_id": "C66", "basket": [{"product_id": "P43", "price": 1575}, {"product_id": "P45", "price": 1000}, {"product_id": "P58", "price": 440}], "date_of_purchase": "2019-02-04 07:03:00"}
{"customer_id": "C68", "basket": [{"product_id": "P34", "price": 1668}, {"product_id": "P28", "price": 1284}], "date_of_purchase": "2019-02-04 23:43:00"}
{"customer_id": "C84", "basket": [{"product_id": "P34", "price": 1555}], "date_of_purchase": "2019-02-04 09:40:00"}
{"customer_id": "C86", "basket": [{"product_id": "P36", "price": 609}, {"product_id": "P38", "price": 447}, {"product_id": "P38", "price": 374}], "date_of_purchase": "2019-02-04 13:15:00"}
{"customer_id": "C100", "basket": [{"product_id": "P35", "price": 144}, {"product_id": "P37", "price": 504}], "date_of_purchase": "2019-02-04 06:52:00"}
{"customer_id": "C103", "basket": [{"product_id": "P38", "price": 403}, {"product_id": "P38", "price": 399}, {"product_id": "P37", "price": 1731}], "date_of_purchase": "2019-02-04 07:49:00"}
{"customer_id": "C121", "basket": [{"product_id": "P56", "price": 1299}, {"product_id": "P56", "price": 914}, {"product_id": "P57", "price": 1585}], "date_of_purchase": "2019-02-04 18:42:00"}
{"customer_id": "C126", "basket": [{"product_id": "P02", "price": 1130}, {"product_id": "P01", "price": 207}, {"product_id": "P12", "price": 988}], "date_of_purchase": "2019-02-04 04:53:00"}
{"customer_id": "C127", "basket": [{"product_id": "P05", "price": 217}, {"product_id": "P12", "price": 1311}], "date_of_purchase": "2019-02-04 07:43:00"}
