{"loyalty_score":7,"product_id":"P64","product_category":"bws","purchase_count":24}
{"loyalty_score":7,"product_id":"P61","product_category":"bws","purchase_count":24}
{"loyalty_score":7,"product_id":"P64","product_category":"bws","purchase_count":24}
{"loyalty_score":7,"product_id":"P26","product_category":"fruit_veg","purchase_count":24}
{"loyalty_score":7,"product_id":"P31","product_category":"fruit_veg","purchase_count":24}
{"loyalty_score":7,"product_id":"P29","product_category":"fruit_veg","purchase_count":24}
{"loyalty_score":7,"product_id":"P63","product_category":"bws","purchase_count":24}
{"loyalty_score":7,"product_id":"P63","product_category":"bws","purchase_count":24}
{"loyalty_score":7,"product_id":"P61","product_category":"bws","purchase_count":24}
{"loyalty_score":7,"product_id":"P64","product_category":"bws","purchase_count":24}
{"loyalty_score":7,"product_id":"P61","product_category":"bws","purchase_count":24}
{"loyalty_score":7,"product_id":"P25","product_category":"fruit_veg","purchase_count":24}
{"loyalty_score":7,"product_id":"P63","product_category":"bws","purchase_count":24}
{"loyalty_score":7,"product_id":"P62","product_category":"bws","purchase_count":24}
{"loyalty_score":7,"product_id":"P26","product_category":"fruit_veg","purchase_count":24}
{"loyalty_score":7,"product_id":"P33","product_category":"fruit_veg","purchase_count":24}
{"loyalty_score":7,"product_id":"P26","product_category":"fruit_veg","purchase_count":24}
{"loyalty_score":7,"product_id":"P62","product_category":"bws","purchase_count":24}
{"loyalty_score":7,"product_id":"P64","product_category":"bws","purchase_count":24}
{"loyalty_score":7,"product_id":"P63","product_category":"bws","purchase_count":24}
{"loyalty_score":7,"product_id":"P64","product_category":"bws","purchase_count":24}
{"loyalty_score":7,"product_id":"P63","product_category":"bws","purchase_count":24}
{"loyalty_score":7,"product_id":"P61","product_category":"bws","purchase_count":24}
{"loyalty_score":7,"product_id":"P27","product_category":"fruit_veg","purchase_count":24}
