{"loyalty_score":9,"product_id":"P18","product_category":"clothes","purchase_count":11}
{"loyalty_score":9,"product_id":"P39","product_category":"sweets","purchase_count":11}
{"loyalty_score":9,"product_id":"P39","product_category":"sweets","purchase_count":11}
{"loyalty_score":9,"product_id":"P40","product_category":"sweets","purchase_count":11}
{"loyalty_score":9,"product_id":"P14","product_category":"clothes","purchase_count":11}
{"loyalty_score":9,"product_id":"P16","product_category":"clothes","purchase_count":11}
{"loyalty_score":9,"product_id":"P37","product_category":"sweets","purchase_count":11}
{"loyalty_score":9,"product_id":"P35","product_category":"sweets","purchase_count":11}
{"loyalty_score":9,"product_id":"P13","product_category":"clothes","purchase_count":11}
{"loyalty_score":9,"product_id":"P17","product_category":"clothes","purchase_count":11}
{"loyalty_score":9,"product_id":"P15","product_category":"clothes","purchase_count":11}
