{"loyalty_score":6,"product_id":"P07","product_category":"house","purchase_count":10}
{"loyalty_score":6,"product_id":"P24","product_category":"fruit_veg","purchase_count":10}
{"loyalty_score":6,"product_id":"P27","product_category":"fruit_veg","purchase_count":10}
{"loyalty_score":6,"product_id":"P32","product_category":"fruit_veg","purchase_count":10}
{"loyalty_score":6,"product_id":"P58","product_category":"food","purchase_count":10}
{"loyalty_score":6,"product_id":"P09","product_category":"house","purchase_count":10}
{"loyalty_score":6,"product_id":"P06","product_category":"house","purchase_count":10}
{"loyalty_score":6,"product_id":"P04","product_category":"house","purchase_count":10}
{"loyalty_score":6,"product_id":"P04","product_category":"house","purchase_count":10}
{"loyalty_score":6,"product_id":"P31","product_category":"fruit_veg","purchase_count":10}
