{"customer_id": "C1", "basket": [{"product_id": "P08", "price": 1364}], "date_of_purchase": "2018-12-02 04:33:00"}
{"customer_id": "C3", "basket": [{"product_id": "P03", "price": 1405}, {"product_id": "P06", "price": 1881}, {"product_id": "P09", "price": 1712}], "date_of_purchase": "2018-12-02 16:31:00"}
{"customer_id": "C5", "basket": [{"product_id": "P29", "price": 1896}], "date_of_purchase": "2018-12-02 03:46:00"}
{"customer_id": "C9", "basket": [{"product_id": "P23", "price": 1082}, {"product_id": "P29", "price": 1219}, {"product_id": "P26", "price": 878}], "date_of_purchase": "2018-12-02 21:12:00"}
{"customer_id": "C16", "basket": [{"product_id": "P52", "price": 1328}, {"product_id": "P60", "price": 327}], "date_of_purchase": "2018-12-02 10:21:00"}
{"customer_id": "C31", "basket": [{"product_id": "P59", "price": 936}, {"product_id": "P44", "price": 308}, {"product_id": "P52", "price": 1933}], "date_of_purchase": "2018-12-02 14:51:00"}
{"customer_id": "C43", "basket": [{"product_id": "P24", "price": 147}, {"product_id": "P32", "price": 580}], "date_of_purchase": "2018-12-02 02:51:00"}
{"customer_id": "C48", "basket": [{"product_id": "P22", "price": 1331}, {"product_id": "P33", "price": 1108}, {"product_id": "P28", "price": 549}], "date_of_purchase": "2018-12-02 18:36:00"}
{"customer_id": "C57", "basket": [{"product_id": "P42", "price": 575}, {"product_id": "P41", "price": 406}, {"product_id": "P52", "price": 640}], "date_of_purchase": "2018-12-02 06:07:00"}
{"customer_id": "C67", "basket": [{"product_id": "P33", "price": 1051}, {"product_id": "P28", "price": 1412}, {"product_id": "P28", "price": 1121}], "date_of_purchase": "2018-12-02 03:54:00"}
{"customer_id": "C74", "basket": [{"product_id": "P62", "price": 787}, {"product_id": "P61", "price": 1726}], "date_of_purchase": "2018-12-02 19:18:00"}
{"customer_id": "C76", "basket": [{"product_id": "P25", "price": 873}, {"product_id": "P31", "price": 1465}], "date_of_purchase": "2018-12-02 05:02:00"}
{"customer_id": "C80", "basket": [{"product_id": "P15", "price": 1490}], "date_of_purchase": "2018-12-02 21:04:00"}
{"customer_id": "C93", "basket": [{"product_id": "P30", "price": 1637}, {"product_id": "P31", "price": 23}, {"product_id": "P34", "price": 383}], "date_of_purchase": "2018-12-02 20:46:00"}
{"customer_id": "C97", "basket": [{"product_id": "P02", "price": 908}, {"product_id": "P08", "price": 1687}, {"product_id": "P08", "price": 1310}], "date_of_purchase": "2018-12-02 13:19:00"}
{"customer_id": "C101", "basket": [{"product_id": "P64", "price": 1295}, {"product_id": "P61", "price": 1362}, {"product_id": "P62", "price": 543}], "date_of_purchase": "2018-12-02 08:42:00"}
{"customer_id": "C103", "basket": [{"product_id": "P63", "price": 727}], "date_of_purchase": "2018-12-02 07:32:00"}
{"customer_id": "C106", "basket": [{"product_id": "P41", "price": 1652}, {"product_id": "P44", "price": 1616}, {"product_id": "P49", "price": 69}], "date_of_purchase": "2018-12-02 08:57:00"}
{"customer_id": "C130", "basket": [{"product_id": "P04", "price": 831}], "date_of_purchase": "2018-12-02 08:55:00"}
