{"loyalty_score":7,"product_id":"P33","product_category":"fruit_veg","purchase_count":32}
{"loyalty_score":7,"product_id":"P28","product_category":"fruit_veg","purchase_count":32}
{"loyalty_score":7,"product_id":"P26","product_category":"fruit_veg","purchase_count":32}
{"loyalty_score":7,"product_id":"P27","product_category":"fruit_veg","purchase_count":32}
{"loyalty_score":7,"product_id":"P28","product_category":"fruit_veg","purchase_count":32}
{"loyalty_score":7,"product_id":"P38","product_category":"sweets","purchase_count":32}
{"loyalty_score":7,"product_id":"P40","product_category":"sweets","purchase_count":32}
{"loyalty_score":7,"product_id":"P36","product_category":"sweets","purchase_count":32}
{"loyalty_score":7,"product_id":"P40","product_category":"sweets","purchase_count":32}
{"loyalty_score":7,"product_id":"P40","product_category":"sweets","purchase_count":32}
{"loyalty_score":7,"product_id":"P39","product_category":"sweets","purchase_count":32}
{"loyalty_score":7,"product_id":"P36","product_category":"sweets","purchase_count":32}
{"loyalty_score":7,"product_id":"P38","product_category":"sweets","purchase_count":32}
{"loyalty_score":7,"product_id":"P36","product_category":"sweets","purchase_count":32}
{"loyalty_score":7,"product_id":"P39","product_category":"sweets","purchase_count":32}
{"loyalty_score":7,"product_id":"P32","product_category":"fruit_veg","purchase_count":32}
{"loyalty_score":7,"product_id":"P31","product_category":"fruit_veg","purchase_count":32}
{"loyalty_score":7,"product_id":"P30","product_category":"fruit_veg","purchase_count":32}
{"loyalty_score":7,"product_id":"P31","product_category":"fruit_veg","purchase_count":32}
{"loyalty_score":7,"product_id":"P32","product_category":"fruit_veg","purchase_count":32}
{"loyalty_score":7,"product_id":"P27","product_category":"fruit_veg","purchase_count":32}
{"loyalty_score":7,"product_id":"P28","product_category":"fruit_veg","purchase_count":32}
{"loyalty_score":7,"product_id":"P38","product_category":"sweets","purchase_count":32}
{"loyalty_score":7,"product_id":"P27","product_category":"fruit_veg","purchase_count":32}
{"loyalty_score":7,"product_id":"P31","product_category":"fruit_veg","purchase_count":32}
{"loyalty_score":7,"product_id":"P34","product_category":"fruit_veg","purchase_count":32}
{"loyalty_score":7,"product_id":"P24","product_category":"fruit_veg","purchase_count":32}
{"loyalty_score":7,"product_id":"P35","product_category":"sweets","purchase_count":32}
{"loyalty_score":7,"product_id":"P40","product_category":"sweets","purchase_count":32}
{"loyalty_score":7,"product_id":"P39","product_category":"sweets","purchase_count":32}
{"loyalty_score":7,"product_id":"P34","product_category":"fruit_veg","purchase_count":32}
{"loyalty_score":7,"product_id":"P24","product_category":"fruit_veg","purchase_count":32}
