{"loyalty_score":7,"product_id":"P35","product_category":"sweets","purchase_count":31}
{"loyalty_score":7,"product_id":"P24","product_category":"fruit_veg","purchase_count":31}
{"loyalty_score":7,"product_id":"P34","product_category":"fruit_veg","purchase_count":31}
{"loyalty_score":7,"product_id":"P30","product_category":"fruit_veg","purchase_count":31}
{"loyalty_score":7,"product_id":"P28","product_category":"fruit_veg","purchase_count":31}
{"loyalty_score":7,"product_id":"P28","product_category":"fruit_veg","purchase_count":31}
{"loyalty_score":7,"product_id":"P23","product_category":"fruit_veg","purchase_count":31}
{"loyalty_score":7,"product_id":"P27","product_category":"fruit_veg","purchase_count":31}
{"loyalty_score":7,"product_id":"P23","product_category":"fruit_veg","purchase_count":31}
{"loyalty_score":7,"product_id":"P29","product_category":"fruit_veg","purchase_count":31}
{"loyalty_score":7,"product_id":"P48","product_category":"food","purchase_count":31}
{"loyalty_score":7,"product_id":"P32","product_category":"fruit_veg","purchase_count":31}
{"loyalty_score":7,"product_id":"P30","product_category":"fruit_veg","purchase_count":31}
{"loyalty_score":7,"product_id":"P31","product_category":"fruit_veg","purchase_count":31}
{"loyalty_score":7,"product_id":"P32","product_category":"fruit_veg","purchase_count":31}
{"loyalty_score":7,"product_id":"P39","product_category":"sweets","purchase_count":31}
{"loyalty_score":7,"product_id":"P38","product_category":"sweets","purchase_count":31}
{"loyalty_score":7,"product_id":"P40","product_category":"sweets","purchase_count":31}
{"loyalty_score":7,"product_id":"P32","product_category":"fruit_veg","purchase_count":31}
{"loyalty_score":7,"product_id":"P30","product_category":"fruit_veg","purchase_count":31}
{"loyalty_score":7,"product_id":"P30","product_category":"fruit_veg","purchase_count":31}
{"loyalty_score":7,"product_id":"P24","product_category":"fruit_veg","purchase_count":31}
{"loyalty_score":7,"product_id":"P55","product_category":"food","purchase_count":31}
{"loyalty_score":7,"product_id":"P44","product_category":"food","purchase_count":31}
{"loyalty_score":7,"product_id":"P33","product_category":"fruit_veg","purchase_count":31}
{"loyalty_score":7,"product_id":"P30","product_category":"fruit_veg","purchase_count":31}
{"loyalty_score":7,"product_id":"P53","product_category":"food","purchase_count":31}
{"loyalty_score":7,"product_id":"P44","product_category":"food","purchase_count":31}
{"loyalty_score":7,"product_id":"P57","product_category":"food","purchase_count":31}
{"loyalty_score":7,"product_id":"P33","product_category":"fruit_veg","purchase_count":31}
{"loyalty_score":7,"product_id":"P30","product_category":"fruit_veg","purchase_count":31}
