{"loyalty_score":6,"product_id":"P38","product_category":"sweets","purchase_count":19}
{"loyalty_score":6,"product_id":"P39","product_category":"sweets","purchase_count":19}
{"loyalty_score":6,"product_id":"P37","product_category":"sweets","purchase_count":19}
{"loyalty_score":6,"product_id":"P17","product_category":"clothes","purchase_count":19}
{"loyalty_score":6,"product_id":"P20","product_category":"clothes","purchase_count":19}
{"loyalty_score":6,"product_id":"P25","product_category":"fruit_veg","purchase_count":19}
{"loyalty_score":6,"product_id":"P32","product_category":"fruit_veg","purchase_count":19}
{"loyalty_score":6,"product_id":"P29","product_category":"fruit_veg","purchase_count":19}
{"loyalty_score":6,"product_id":"P32","product_category":"fruit_veg","purchase_count":19}
{"loyalty_score":6,"product_id":"P20","product_category":"clothes","purchase_count":19}
{"loyalty_score":6,"product_id":"P39","product_category":"sweets","purchase_count":19}
{"loyalty_score":6,"product_id":"P38","product_category":"sweets","purchase_count":19}
{"loyalty_score":6,"product_id":"P36","product_category":"sweets","purchase_count":19}
{"loyalty_score":6,"product_id":"P39","product_category":"sweets","purchase_count":19}
{"loyalty_score":6,"product_id":"P39","product_category":"sweets","purchase_count":19}
{"loyalty_score":6,"product_id":"P22","product_category":"fruit_veg","purchase_count":19}
{"loyalty_score":6,"product_id":"P39","product_category":"sweets","purchase_count":19}
{"loyalty_score":6,"product_id":"P35","product_category":"sweets","purchase_count":19}
{"loyalty_score":6,"product_id":"P39","product_category":"sweets","purchase_count":19}
