{"loyalty_score":8,"product_id":"P26","product_category":"fruit_veg","purchase_count":25}
{"loyalty_score":8,"product_id":"P56","product_category":"food","purchase_count":25}
{"loyalty_score":8,"product_id":"P42","product_category":"food","purchase_count":25}
{"loyalty_score":8,"product_id":"P57","product_category":"food","purchase_count":25}
{"loyalty_score":8,"product_id":"P37","product_category":"sweets","purchase_count":25}
{"loyalty_score":8,"product_id":"P36","product_category":"sweets","purchase_count":25}
{"loyalty_score":8,"product_id":"P38","product_category":"sweets","purchase_count":25}
{"loyalty_score":8,"product_id":"P55","product_category":"food","purchase_count":25}
{"loyalty_score":8,"product_id":"P30","product_category":"fruit_veg","purchase_count":25}
{"loyalty_score":8,"product_id":"P38","product_category":"sweets","purchase_count":25}
{"loyalty_score":8,"product_id":"P37","product_category":"sweets","purchase_count":25}
{"loyalty_score":8,"product_id":"P38","product_category":"sweets","purchase_count":25}
{"loyalty_score":8,"product_id":"P38","product_category":"sweets","purchase_count":25}
{"loyalty_score":8,"product_id":"P38","product_category":"sweets","purchase_count":25}
{"loyalty_score":8,"product_id":"P49","product_category":"food","purchase_count":25}
{"loyalty_score":8,"product_id":"P45","product_category":"food","purchase_count":25}
{"loyalty_score":8,"product_id":"P57","product_category":"food","purchase_count":25}
{"loyalty_score":8,"product_id":"P39","product_category":"sweets","purchase_count":25}
{"loyalty_score":8,"product_id":"P35","product_category":"sweets","purchase_count":25}
{"loyalty_score":8,"product_id":"P37","product_category":"sweets","purchase_count":25}
{"loyalty_score":8,"product_id":"P36","product_category":"sweets","purchase_count":25}
{"loyalty_score":8,"product_id":"P40","product_category":"sweets","purchase_count":25}
{"loyalty_score":8,"product_id":"P25","product_category":"fruit_veg","purchase_count":25}
{"loyalty_score":8,"product_id":"P23","product_category":"fruit_veg","purchase_count":25}
{"loyalty_score":8,"product_id":"P38","product_category":"sweets","purchase_count":25}
