{"loyalty_score":5,"product_id":"P60","product_category":"food","purchase_count":41}
{"loyalty_score":5,"product_id":"P52","product_category":"food","purchase_count":41}
{"loyalty_score":5,"product_id":"P06","product_category":"house","purchase_count":41}
{"loyalty_score":5,"product_id":"P10","product_category":"house","purchase_count":41}
{"loyalty_score":5,"product_id":"P37","product_category":"sweets","purchase_count":41}
{"loyalty_score":5,"product_id":"P37","product_category":"sweets","purchase_count":41}
{"loyalty_score":5,"product_id":"P35","product_category":"sweets","purchase_count":41}
{"loyalty_score":5,"product_id":"P37","product_category":"sweets","purchase_count":41}
{"loyalty_score":5,"product_id":"P07","product_category":"house","purchase_count":41}
{"loyalty_score":5,"product_id":"P11","product_category":"house","purchase_count":41}
{"loyalty_score":5,"product_id":"P22","product_category":"fruit_veg","purchase_count":41}
{"loyalty_score":5,"product_id":"P28","product_category":"fruit_veg","purchase_count":41}
{"loyalty_score":5,"product_id":"P34","product_category":"fruit_veg","purchase_count":41}
{"loyalty_score":5,"product_id":"P29","product_category":"fruit_veg","purchase_count":41}
{"loyalty_score":5,"product_id":"P23","product_category":"fruit_veg","purchase_count":41}
{"loyalty_score":5,"product_id":"P05","product_category":"house","purchase_count":41}
{"loyalty_score":5,"product_id":"P12","product_category":"house","purchase_count":41}
{"loyalty_score":5,"product_id":"P07","product_category":"house","purchase_count":41}
{"loyalty_score":5,"product_id":"P29","product_category":"fruit_veg","purchase_count":41}
{"loyalty_score":5,"product_id":"P36","product_category":"sweets","purchase_count":41}
{"loyalty_score":5,"product_id":"P36","product_category":"sweets","purchase_count":41}
{"loyalty_score":5,"product_id":"P38","product_category":"sweets","purchase_count":41}
{"loyalty_score":5,"product_id":"P35","product_category":"sweets","purchase_count":41}
{"loyalty_score":5,"product_id":"P37","product_category":"sweets","purchase_count":41}
{"loyalty_score":5,"product_id":"P38","product_category":"sweets","purchase_count":41}
{"loyalty_score":5,"product_id":"P09","product_category":"house","purchase_count":41}
{"loyalty_score":5,"product_id":"P07","product_category":"house","purchase_count":41}
{"loyalty_score":5,"product_id":"P10","product_category":"house","purchase_count":41}
{"loyalty_score":5,"product_id":"P05","product_category":"house","purchase_count":41}
{"loyalty_score":5,"product_id":"P07","product_category":"house","purchase_count":41}
{"loyalty_score":5,"product_id":"P01","product_category":"house","purchase_count":41}
{"loyalty_score":5,"product_id":"P05","product_category":"house","purchase_count":41}
{"loyalty_score":5,"product_id":"P40","product_category":"sweets","purchase_count":41}
{"loyalty_score":5,"product_id":"P08","product_category":"house","purchase_count":41}
{"loyalty_score":5,"product_id":"P04","product_category":"house","purchase_count":41}
{"loyalty_score":5,"product_id":"P05","product_category":"house","purchase_count":41}
{"loyalty_score":5,"product_id":"P07","product_category":"house","purchase_count":41}
{"loyalty_score":5,"product_id":"P10","product_category":"house","purchase_count":41}
{"loyalty_score":5,"product_id":"P04","product_category":"house","purchase_count":41}
{"loyalty_score":5,"product_id":"P43","product_category":"food","purchase_count":41}
{"loyalty_score":5,"product_id":"P47","product_category":"food","purchase_count":41}
