{"customer_id": "C2", "basket": [{"product_id": "P36", "price": 653}], "date_of_purchase": "2019-02-16 09:53:00"}
{"customer_id": "C3", "basket": [{"product_id": "P05", "price": 362}, {"product_id": "P04", "price": 60}], "date_of_purchase": "2019-02-16 12:02:00"}
{"customer_id": "C6", "basket": [{"product_id": "P28", "price": 237}, {"product_id": "P24", "price": 1613}, {"product_id": "P34", "price": 1727}], "date_of_purchase": "2019-02-16 12:22:00"}
{"customer_id": "C20", "basket": [{"product_id": "P42", "price": 1750}, {"product_id": "P55", "price": 1827}, {"product_id": "P47", "price": 753}], "date_of_purchase": "2019-02-16 06:09:00"}
{"customer_id": "C22", "basket": [{"product_id": "P53", "price": 1152}], "date_of_purchase": "2019-02-16 07:42:00"}
{"customer_id": "C26", "basket": [{"product_id": "P35", "price": 1965}, {"product_id": "P37", "price": 860}], "date_of_purchase": "2019-02-16 08:37:00"}
{"customer_id": "C45", "basket": [{"product_id": "P38", "price": 775}, {"product_id": "P40", "price": 800}], "date_of_purchase": "2019-02-16 05:17:00"}
{"customer_id": "C49", "basket": [{"product_id": "P05", "price": 1005}], "date_of_purchase": "2019-02-16 10:49:00"}
{"customer_id": "C51", "basket": [{"product_id": "P37", "price": 1821}, {"product_id": "P38", "price": 6}, {"product_id": "P37", "price": 1229}], "date_of_purchase": "2019-02-16 15:11:00"}
{"customer_id": "C52", "basket": [{"product_id": "P61", "price": 691}, {"product_id": "P63", "price": 110}, {"product_id": "P61", "price": 1577}], "date_of_purchase": "2019-02-16 04:35:00"}
{"customer_id": "C55", "basket": [{"product_id": "P51", "price": 456}, {"product_id": "P47", "price": 1771}, {"product_id": "P45", "price": 242}], "date_of_purchase": "2019-02-16 21:09:00"}
{"customer_id": "C57", "basket": [{"product_id": "P56", "price": 1813}, {"product_id": "P44", "price": 1610}], "date_of_purchase": "2019-02-16 19:25:00"}
{"customer_id": "C58", "basket": [{"product_id": "P32", "price": 1709}, {"product_id": "P27", "price": 1540}, {"product_id": "P24", "price": 728}], "date_of_purchase": "2019-02-16 16:54:00"}
{"customer_id": "C60", "basket": [{"product_id": "P43", "price": 815}, {"product_id": "P45", "price": 1972}], "date_of_purchase": "2019-02-16 07:30:00"}
{"customer_id": "C79", "basket": [{"product_id": "P60", "price": 145}], "date_of_purchase": "2019-02-16 23:53:00"}
{"customer_id": "C80", "basket": [{"product_id": "P21", "price": 784}], "date_of_purchase": "2019-02-16 09:40:00"}
{"customer_id": "C88", "basket": [{"product_id": "P53", "price": 1775}, {"product_id": "P54", "price": 1363}, {"product_id": "P52", "price": 1287}], "date_of_purchase": "2019-02-16 20:33:00"}
{"customer_id": "C89", "basket": [{"product_id": "P33", "price": 572}, {"product_id": "P27", "price": 1452}], "date_of_purchase": "2019-02-16 20:40:00"}
{"customer_id": "C94", "basket": [{"product_id": "P35", "price": 689}, {"product_id": "P38", "price": 164}], "date_of_purchase": "2019-02-16 23:00:00"}
{"customer_id": "C97", "basket": [{"product_id": "P12", "price": 1127}, {"product_id": "P11", "price": 883}], "date_of_purchase": "2019-02-16 20:45:00"}
{"customer_id": "C109", "basket": [{"product_id": "P38", "price": 61}, {"product_id": "P40", "price": 305}, {"product_id": "P36", "price": 137}], "date_of_purchase": "2019-02-16 07:04:00"}
{"customer_id": "C123", "basket": [{"product_id": "P29", "price": 1380}, {"product_id": "P25", "price": 512}], "date_of_purchase": "2019-02-16 16:36:00"}
{"customer_id": "C124", "basket": [{"product_id": "P03", "price": 283}, {"product_id": "P07", "price": 206}], "date_of_purchase": "2019-02-16 13:31:00"}
{"customer_id": "C126", "basket": [{"product_id": "P01", "price": 1034}], "date_of_purchase": "2019-02-16 10:00:00"}
{"customer_id": "C131", "basket": [{"product_id": "P27", "price": 1957}], "date_of_purchase": "2019-02-16 04:13:00"}
{"customer_id": "C136", "basket": [{"product_id": "P10", "price": 1204}], "date_of_purchase": "2019-02-16 08:34:00"}
