{"loyalty_score":1,"product_id":"P26","product_category":"fruit_veg","purchase_count":44}
{"loyalty_score":1,"product_id":"P33","product_category":"fruit_veg","purchase_count":44}
{"loyalty_score":1,"product_id":"P20","product_category":"clothes","purchase_count":44}
{"loyalty_score":1,"product_id":"P23","product_category":"fruit_veg","purchase_count":44}
{"loyalty_score":1,"product_id":"P64","product_category":"bws","purchase_count":44}
{"loyalty_score":1,"product_id":"P63","product_category":"bws","purchase_count":44}
{"loyalty_score":1,"product_id":"P63","product_category":"bws","purchase_count":44}
{"loyalty_score":1,"product_id":"P21","product_category":"clothes","purchase_count":44}
{"loyalty_score":1,"product_id":"P31","product_category":"fruit_veg","purchase_count":44}
{"loyalty_score":1,"product_id":"P30","product_category":"fruit_veg","purchase_count":44}
{"loyalty_score":1,"product_id":"P22","product_category":"fruit_veg","purchase_count":44}
{"loyalty_score":1,"product_id":"P27","product_category":"fruit_veg","purchase_count":44}
{"loyalty_score":1,"product_id":"P23","product_category":"fruit_veg","purchase_count":44}
{"loyalty_score":1,"product_id":"P22","product_category":"fruit_veg","purchase_count":44}
{"loyalty_score":1,"product_id":"P11","product_category":"house","purchase_count":44}
{"loyalty_score":1,"product_id":"P06","product_category":"house","purchase_count":44}
{"loyalty_score":1,"product_id":"P01","product_category":"house","purchase_count":44}
{"loyalty_score":1,"product_id":"P12","product_category":"house","purchase_count":44}
{"loyalty_score":1,"product_id":"P63","product_category":"bws","purchase_count":44}
{"loyalty_score":1,"product_id":"P61","product_category":"bws","purchase_count":44}
{"loyalty_score":1,"product_id":"P63","product_category":"bws","purchase_count":44}
{"loyalty_score":1,"product_id":"P06","product_category":"house","purchase_count":44}
{"loyalty_score":1,"product_id":"P04","product_category":"house","purchase_count":44}
{"loyalty_score":1,"product_id":"P64","product_category":"bws","purchase_count":44}
{"loyalty_score":1,"product_id":"P16","product_category":"clothes","purchase_count":44}
{"loyalty_score":1,"product_id":"P17","product_category":"clothes","purchase_count":44}
{"loyalty_score":1,"product_id":"P15","product_category":"clothes","purchase_count":44}
{"loyalty_score":1,"product_id":"P18","product_category":"clothes","purchase_count":44}
{"loyalty_score":1,"product_id":"P03","product_category":"house","purchase_count":44}
{"loyalty_score":1,"product_id":"P07","product_category":"house","purchase_count":44}
{"loyalty_score":1,"product_id":"P17","product_category":"clothes","purchase_count":44}
{"loyalty_score":1,"product_id":"P21","product_category":"clothes","purchase_count":44}
{"loyalty_score":1,"product_id":"P32","product_category":"fruit_veg","purchase_count":44}
{"loyalty_score":1,"product_id":"P24","product_category":"fruit_veg","purchase_count":44}
{"loyalty_score":1,"product_id":"P06","product_category":"house","purchase_count":44}
{"loyalty_score":1,"product_id":"P10","product_category":"house","purchase_count":44}
{"loyalty_score":1,"product_id":"P08","product_category":"house","purchase_count":44}
{"loyalty_score":1,"product_id":"P10","product_category":"house","purchase_count":44}
{"loyalty_score":1,"product_id":"P63","product_category":"bws","purchase_count":44}
{"loyalty_score":1,"product_id":"P64","product_category":"bws","purchase_count":44}
{"loyalty_score":1,"product_id":"P61","product_category":"bws","purchase_count":44}
{"loyalty_score":1,"product_id":"P29","product_category":"fruit_veg","purchase_count":44}
{"loyalty_score":1,"product_id":"P19","product_category":"clothes","purchase_count":44}
{"loyalty_score":1,"product_id":"P19","product_category":"clothes","purchase_count":44}
