{"loyalty_score":9,"product_id":"P08","product_category":"house","purchase_count":18}
{"loyalty_score":9,"product_id":"P35","product_category":"sweets","purchase_count":18}
{"loyalty_score":9,"product_id":"P35","product_category":"sweets","purchase_count":18}
{"loyalty_score":9,"product_id":"P36","product_category":"sweets","purchase_count":18}
{"loyalty_score":9,"product_id":"P08","product_category":"house","purchase_count":18}
{"loyalty_score":9,"product_id":"P07","product_category":"house","purchase_count":18}
{"loyalty_score":9,"product_id":"P03","product_category":"house","purchase_count":18}
{"loyalty_score":9,"product_id":"P55","product_category":"food","purchase_count":18}
{"loyalty_score":9,"product_id":"P55","product_category":"food","purchase_count":18}
{"loyalty_score":9,"product_id":"P55","product_category":"food","purchase_count":18}
{"loyalty_score":9,"product_id":"P11","product_category":"house","purchase_count":18}
{"loyalty_score":9,"product_id":"P10","product_category":"house","purchase_count":18}
{"loyalty_score":9,"product_id":"P07","product_category":"house","purchase_count":18}
{"loyalty_score":9,"product_id":"P56","product_category":"food","purchase_count":18}
{"loyalty_score":9,"product_id":"P48","product_category":"food","purchase_count":18}
{"loyalty_score":9,"product_id":"P35","product_category":"sweets","purchase_count":18}
{"loyalty_score":9,"product_id":"P38","product_category":"sweets","purchase_count":18}
{"loyalty_score":9,"product_id":"P60","product_category":"food","purchase_count":18}
