{"loyalty_score":7,"product_id":"P49","product_category":"food","purchase_count":25}
{"loyalty_score":7,"product_id":"P44","product_category":"food","purchase_count":25}
{"loyalty_score":7,"product_id":"P52","product_category":"food","purchase_count":25}
{"loyalty_score":7,"product_id":"P42","product_category":"food","purchase_count":25}
{"loyalty_score":7,"product_id":"P55","product_category":"food","purchase_count":25}
{"loyalty_score":7,"product_id":"P51","product_category":"food","purchase_count":25}
{"loyalty_score":7,"product_id":"P52","product_category":"food","purchase_count":25}
{"loyalty_score":7,"product_id":"P41","product_category":"food","purchase_count":25}
{"loyalty_score":7,"product_id":"P53","product_category":"food","purchase_count":25}
{"loyalty_score":7,"product_id":"P47","product_category":"food","purchase_count":25}
{"loyalty_score":7,"product_id":"P43","product_category":"food","purchase_count":25}
{"loyalty_score":7,"product_id":"P43","product_category":"food","purchase_count":25}
{"loyalty_score":7,"product_id":"P52","product_category":"food","purchase_count":25}
{"loyalty_score":7,"product_id":"P52","product_category":"food","purchase_count":25}
{"loyalty_score":7,"product_id":"P42","product_category":"food","purchase_count":25}
{"loyalty_score":7,"product_id":"P45","product_category":"food","purchase_count":25}
{"loyalty_score":7,"product_id":"P49","product_category":"food","purchase_count":25}
{"loyalty_score":7,"product_id":"P42","product_category":"food","purchase_count":25}
{"loyalty_score":7,"product_id":"P58","product_category":"food","purchase_count":25}
{"loyalty_score":7,"product_id":"P50","product_category":"food","purchase_count":25}
{"loyalty_score":7,"product_id":"P60","product_category":"food","purchase_count":25}
{"loyalty_score":7,"product_id":"P42","product_category":"food","purchase_count":25}
{"loyalty_score":7,"product_id":"P45","product_category":"food","purchase_count":25}
{"loyalty_score":7,"product_id":"P46","product_category":"food","purchase_count":25}
{"loyalty_score":7,"product_id":"P59","product_category":"food","purchase_count":25}
