{"loyalty_score":6,"product_id":"P06","product_category":"house","purchase_count":16}
{"loyalty_score":6,"product_id":"P24","product_category":"fruit_veg","purchase_count":16}
{"loyalty_score":6,"product_id":"P36","product_category":"sweets","purchase_count":16}
{"loyalty_score":6,"product_id":"P37","product_category":"sweets","purchase_count":16}
{"loyalty_score":6,"product_id":"P04","product_category":"house","purchase_count":16}
{"loyalty_score":6,"product_id":"P26","product_category":"fruit_veg","purchase_count":16}
{"loyalty_score":6,"product_id":"P34","product_category":"fruit_veg","purchase_count":16}
{"loyalty_score":6,"product_id":"P36","product_category":"sweets","purchase_count":16}
{"loyalty_score":6,"product_id":"P40","product_category":"sweets","purchase_count":16}
{"loyalty_score":6,"product_id":"P38","product_category":"sweets","purchase_count":16}
{"loyalty_score":6,"product_id":"P38","product_category":"sweets","purchase_count":16}
{"loyalty_score":6,"product_id":"P40","product_category":"sweets","purchase_count":16}
{"loyalty_score":6,"product_id":"P08","product_category":"house","purchase_count":16}
{"loyalty_score":6,"product_id":"P12","product_category":"house","purchase_count":16}
{"loyalty_score":6,"product_id":"P08","product_category":"house","purchase_count":16}
{"loyalty_score":6,"product_id":"P07","product_category":"house","purchase_count":16}
